snapshot	sha256	module	disposition	target
approximate-counting-sampling/src/Arlib/Approximation/Amplification.lean	7f744306f350a9a4ce1b0c30911d312863bda17e183fa27785c7a1b187ed3288	Arlib/Approximation/Amplification.lean	migrated-community	ArlibCommunity/Approximation/Amplification.lean
approximate-counting-sampling/src/Arlib/Approximation/Concentration.lean	57b75de21949fc774ccb0c385c99afee75d168a07a7f11256a9bbea3e0e87ea7	Arlib/Approximation/Concentration.lean	migrated-community	ArlibCommunity/Approximation/Concentration.lean
approximate-counting-sampling/src/Arlib/Approximation/CondDraw.lean	a6af9d91801d45f3945e01d0b74d8c2e281b0eb008958d7fd2e2c951507fc94b	Arlib/Approximation/CondDraw.lean	migrated-community	ArlibCommunity/Approximation/CondDraw.lean
approximate-counting-sampling/src/Arlib/Approximation/CountLaw.lean	ce4006bea6a3fde1ea33c287bc564129570d2bdcec43f0fbac30b80edd2045f9	Arlib/Approximation/CountLaw.lean	migrated-community	ArlibCommunity/Approximation/CountLaw.lean
approximate-counting-sampling/src/Arlib/Approximation/Counting.lean	49aa5c206eb6ad8d427003c69c2da485852d1ee2c96eb49778f65917efbde56c	Arlib/Approximation/Counting.lean	migrated-community	ArlibCommunity/Approximation/Counting.lean
approximate-counting-sampling/src/Arlib/Approximation/DepSampling.lean	6c530796d118039e5f8ea6e5820d4bfb536c671851e6ea49444e1fa0c9218bf3	Arlib/Approximation/DepSampling.lean	migrated-community	ArlibCommunity/Approximation/DepSampling.lean
approximate-counting-sampling/src/Arlib/Approximation/Hoeffding.lean	2019b46bdba20c09c7cf2230268888fd379dc4d3d64ca83cc34da09ccb366944	Arlib/Approximation/Hoeffding.lean	migrated-community	ArlibCommunity/Approximation/Hoeffding.lean
approximate-counting-sampling/src/Arlib/Approximation/KarpLuby.lean	0da55e6f7d9cc05bd19ee88e0c6a0dc7c8350d8ac342e52fe11a6259880b091b	Arlib/Approximation/KarpLuby.lean	migrated-community	ArlibCommunity/Approximation/KarpLuby.lean
approximate-counting-sampling/src/Arlib/Approximation/KarpLubyApprox.lean	5e53cbbbac833adccc407486a179bc0a8b57d19a22f91c1bd5cd8a9c018ce09c	Arlib/Approximation/KarpLubyApprox.lean	migrated-community	ArlibCommunity/Approximation/KarpLubyApprox.lean
approximate-counting-sampling/src/Arlib/Approximation/KarpLubyFpras.lean	5b99729b3495c5b21b5a09b0482d6a258e90cfaf306071b3c3f98705c1c07600	Arlib/Approximation/KarpLubyFpras.lean	migrated-community	ArlibCommunity/Approximation/KarpLubyFpras.lean
approximate-counting-sampling/src/Arlib/Approximation/Parsimonious.lean	e10839ee01d7c018ff8cf389fca61635a4d724052e55b13c3fb9364cb6ef29ab	Arlib/Approximation/Parsimonious.lean	migrated-community	ArlibCommunity/Approximation/Parsimonious.lean
approximate-counting-sampling/src/Arlib/Approximation/Pinned.lean	50b1891c958e4846437f16c73ad986b9bdf9c7d5981ee4017ce2b7d009d07b22	Arlib/Approximation/Pinned.lean	migrated-community	ArlibCommunity/Approximation/Pinned.lean
approximate-counting-sampling/src/Arlib/Approximation/PinnedSampling.lean	88bfcf3e1fc5cb28723ed1940d45709ed89c89c687e492e75d2b63cf90434505	Arlib/Approximation/PinnedSampling.lean	migrated-community	ArlibCommunity/Approximation/PinnedSampling.lean
approximate-counting-sampling/src/Arlib/Approximation/RejectionCollect.lean	da60389477fc10913976d8838b00fff3e6afaf297762c6208651b4146e14acdf	Arlib/Approximation/RejectionCollect.lean	migrated-community	ArlibCommunity/Approximation/RejectionCollect.lean
approximate-counting-sampling/src/Arlib/Approximation/Sampling.lean	59de6fbc74a8b0b97a8694359413f568e2373937d05591d8bb0959ec68d8d229	Arlib/Approximation/Sampling.lean	migrated-community	ArlibCommunity/Approximation/Sampling.lean
approximate-counting-sampling/src/Arlib/Approximation/SelfReducible.lean	4d8eacb9056724c01b52c4f43c1fd84426e8fac5ccffdd31dfd8a7621a87083b	Arlib/Approximation/SelfReducible.lean	migrated-community	ArlibCommunity/Approximation/SelfReducible.lean
approximate-counting-sampling/src/Arlib/Approximation/UnionBound.lean	3c477bf0d7c4d06313a9e8e5c0e8b1169be79183aca67f9e57517485f0d006c5	Arlib/Approximation/UnionBound.lean	migrated-community	ArlibCommunity/Approximation/UnionBound.lean
automata-algorithms/src/Arlib/Automata/Complement.lean	e8c45b5807413e8830601440c66322457cff55bceff00882f17e05779bcba171	Arlib/Automata/Complement.lean	migrated-community	ArlibCommunity/Automata/Complement.lean
automata-algorithms/src/Arlib/Automata/DNFtoUFA.lean	d1d96b8ff4de259304283bcc08fbaa9ecb7dd61b53eca68718a142073cf2d479	Arlib/Automata/DNFtoUFA.lean	migrated-community	ArlibCommunity/Automata/DNFtoUFA.lean
automata-algorithms/src/Arlib/Automata/Disjointness.lean	1aef68714e52bd88007be1f3a4f044c57a05d29c16016ce58645264980db4e91	Arlib/Automata/Disjointness.lean	migrated-community	ArlibCommunity/Automata/Disjointness.lean
automata-algorithms/src/Arlib/Automata/ErrorReduction.lean	f4be7f985d9df52422749db2c10303dc9e049977eb8f3052cdbe6738d0fa07b3	Arlib/Automata/ErrorReduction.lean	migrated-community	ArlibCommunity/Automata/ErrorReduction.lean
automata-algorithms/src/Arlib/Automata/Imported.lean	cf8cd88f40067f669d2a86150fcdcb522dafe258fbfd08d61f1652375afc6e38	Arlib/Automata/Imported.lean	migrated-community	ArlibCommunity/Automata/Imported.lean
automata-algorithms/src/Arlib/Automata/Simulation.lean	fdb58e408ae9d52fc6af992feb93fef753d47902a5a297ae6676f9e48d41a865	Arlib/Automata/Simulation.lean	migrated-community	ArlibCommunity/Automata/Simulation.lean
automata-algorithms/src/Arlib/Automata/SuccinctNFAMembership.lean	b22db50a964035f4759838f5d8c794bb1100c160d6a1ec886b4a908da85e6f9e	Arlib/Automata/SuccinctNFAMembership.lean	migrated-community	ArlibCommunity/Automata/SuccinctNFAMembership.lean
automata-algorithms/src/Arlib/Automata/SuccinctNFAWitness.lean	14af691855580b7e0caa23cbf5c9e945138427723c6c818835e7d590bf24f95c	Arlib/Automata/SuccinctNFAWitness.lean	migrated-community	ArlibCommunity/Automata/SuccinctNFAWitness.lean
automata-algorithms/src/Arlib/Automata/TreeAutomatonBinarize.lean	eabeaf0e2742e550f67068bbda91d27a9d0d3dfe6a8b2a1a5a5530c21feab345	Arlib/Automata/TreeAutomatonBinarize.lean	migrated-community	ArlibCommunity/Automata/TreeAutomatonBinarize.lean
automata-algorithms/src/Arlib/Automata/TreeAutomatonFinite.lean	8b5c6e3462bd7b67052ba76b53e8ce7830cf7119229644b0dbf50b12f87c185d	Arlib/Automata/TreeAutomatonFinite.lean	migrated-community	ArlibCommunity/Automata/TreeAutomatonFinite.lean
automata-algorithms/src/Arlib/Automata/TreeAutomatonOps.lean	93a28a409a168fbe572dba0736382c376ceb19c60d432625b53337078c9cb84d	Arlib/Automata/TreeAutomatonOps.lean	migrated-community	ArlibCommunity/Automata/TreeAutomatonOps.lean
automata-algorithms/src/Arlib/Automata/TreeAutomatonRelabel.lean	c35ce0c5facd99448d3dfdc97e4b9b7582939811c9d2b9fe606e8aa3cf2371fc	Arlib/Automata/TreeAutomatonRelabel.lean	migrated-community	ArlibCommunity/Automata/TreeAutomatonRelabel.lean
automata-algorithms/src/Arlib/Automata/TreeAutomatonRelabelPreserves.lean	474df20cbfaf51c3fc9280779f458da33a51960614b6742101c8c8ec3832f450	Arlib/Automata/TreeAutomatonRelabelPreserves.lean	migrated-community	ArlibCommunity/Automata/TreeAutomatonRelabelPreserves.lean
automata-algorithms/src/Arlib/Automata/Union.lean	6168c46f685f7a59bdaea6c4e5ce68a8d6604931f3ddf783a7d0345a1087ec83	Arlib/Automata/Union.lean	migrated-community	ArlibCommunity/Automata/Union.lean
automata-algorithms/src/Arlib/Automata/WordCoding.lean	87c0689015322c9d9a0e7a53773020e10f4e7a30e6a14277c411e340539f59df	Arlib/Automata/WordCoding.lean	migrated-community	ArlibCommunity/Automata/WordCoding.lean
communication-lower-bounds/src/Arlib/Communication/Gadget.lean	5b3ee077fe18bf33a5f95ec98952806e41f97989a06edb7468e0d19be6815b93	Arlib/Communication/Gadget.lean	migrated-community	ArlibCommunity/Communication/Gadget.lean
communication-lower-bounds/src/Arlib/Communication/Measures.lean	a1d70f12fb1c3507358aef59f62d94967949bd9dc6db5d9313f62612909a8881	Arlib/Communication/Measures.lean	migrated-community	ArlibCommunity/Communication/Measures.lean
communication-lower-bounds/src/Arlib/Communication/NonnegRank.lean	a5674e417f7ad0453c991f1bbee081acb5fac58ab2be403a02558cbaaa98d98c	Arlib/Communication/NonnegRank.lean	migrated-community	ArlibCommunity/Communication/NonnegRank.lean
communication-lower-bounds/src/Arlib/Communication/TwoParty.lean	b8bda7a591705a2a7ff45343e5fea1488db517404f1b66b44414c92b299128c3	Arlib/Communication/TwoParty.lean	migrated-community	ArlibCommunity/Communication/TwoParty.lean
continuous-mcmc/src/Arlib/MarkovChains/Continuous/AdjustableRadiusGaussian.lean	7e08ed07301ac4890c3beb9254db979e8f200b18d1df12b67c5eaef7b92a6279	Arlib/MarkovChains/Continuous/AdjustableRadiusGaussian.lean	snapshot-only	-
continuous-mcmc/src/Arlib/MarkovChains/Continuous/AdjustableRadiusSampler.lean	c952fd7816f761799c284d38018e763051136f801b0e9ec163068813063706ac	Arlib/MarkovChains/Continuous/AdjustableRadiusSampler.lean	snapshot-only	-
continuous-mcmc/src/Arlib/MarkovChains/Continuous/BallWalk.lean	b3851d1427784073e46eaddcda05b0e2805aa17c18a832bd2e970358cf006f28	Arlib/MarkovChains/Continuous/BallWalk.lean	migrated-community	ArlibCommunity/MarkovChains/Continuous/BallWalk.lean
continuous-mcmc/src/Arlib/MarkovChains/Continuous/BallWalkConductance.lean	aea8067a33af20a5707bccbc2bfb90b409c7078717fb652059dfae289f7739b7	Arlib/MarkovChains/Continuous/BallWalkConductance.lean	migrated-community	ArlibCommunity/MarkovChains/Continuous/BallWalkConductance.lean
continuous-mcmc/src/Arlib/MarkovChains/Continuous/BallWalkTransfer.lean	ac6f93cb498745b04fbb72a7824d4246af3d8496a84501ff9054a7bcb6a87c8e	Arlib/MarkovChains/Continuous/BallWalkTransfer.lean	snapshot-only	-
continuous-mcmc/src/Arlib/MarkovChains/Continuous/BallWalkWarmLSAdapter.lean	6a37694b4030916c5fa931a6e42e772a1864aca2332c00cac79f0ba4966eaa1b	Arlib/MarkovChains/Continuous/BallWalkWarmLSAdapter.lean	snapshot-only	-
continuous-mcmc/src/Arlib/MarkovChains/Continuous/Cheeger.lean	6a168b2d00acca60db2e97d514f67b41343018416a60abfd95ccf922993758d4	Arlib/MarkovChains/Continuous/Cheeger.lean	retained-core	Arlib/MarkovChains/Continuous/Cheeger.lean
continuous-mcmc/src/Arlib/MarkovChains/Continuous/ColdPhaseRegime.lean	a91fe6830cdee5aa729a19ecc08c87e9fa06fa840ac8a6c18ad28de082eac067	Arlib/MarkovChains/Continuous/ColdPhaseRegime.lean	snapshot-only	-
continuous-mcmc/src/Arlib/MarkovChains/Continuous/ColdTruncation.lean	95616a21ff62f12b998a8fb1c3e9d44636852386647b2445d72eb0465a9b081e	Arlib/MarkovChains/Continuous/ColdTruncation.lean	snapshot-only	-
continuous-mcmc/src/Arlib/MarkovChains/Continuous/ColdTruncationFourConductance.lean	67c874c3225ca5d6a274e54a42acded1d499d28a59b6fdc7a17adc87f20bc664	Arlib/MarkovChains/Continuous/ColdTruncationFourConductance.lean	snapshot-only	-
continuous-mcmc/src/Arlib/MarkovChains/Continuous/ColdTruncationRelative.lean	1643ef3a3d600d2ab7b8b4dd34b9d209230e5a1826d0f29d1ec7fa2e2e56142d	Arlib/MarkovChains/Continuous/ColdTruncationRelative.lean	snapshot-only	-
continuous-mcmc/src/Arlib/MarkovChains/Continuous/ColdTruncationRelativeAdjustable.lean	00684cd57db6425a99490a8bf9fdff82d1bda109b7259f8899483770ef026198	Arlib/MarkovChains/Continuous/ColdTruncationRelativeAdjustable.lean	snapshot-only	-
continuous-mcmc/src/Arlib/MarkovChains/Continuous/ColdTruncationRelativeFour.lean	e08f1dcaa6662324be605906bff75f35275b5c984f1db27e128e3d20d3ff3eef	Arlib/MarkovChains/Continuous/ColdTruncationRelativeFour.lean	snapshot-only	-
continuous-mcmc/src/Arlib/MarkovChains/Continuous/Conductance.lean	26fa942cd58e05ca935002ddb13fe935cb3b31ac41c1c48c1072d5783b722ab5	Arlib/MarkovChains/Continuous/Conductance.lean	retained-core	Arlib/MarkovChains/Continuous/Conductance.lean
continuous-mcmc/src/Arlib/MarkovChains/Continuous/ConductanceToTV.lean	3a66686769dadc4eab3a7f70e4719e6debf80543faf627adb3dfea6d6380241e	Arlib/MarkovChains/Continuous/ConductanceToTV.lean	migrated-community	ArlibCommunity/MarkovChains/Continuous/ConductanceToTV.lean
continuous-mcmc/src/Arlib/MarkovChains/Continuous/ConvexBodyMixing.lean	aa41519c45a2cb15f778cd1b2d578fffda358cdc88777c3a65c8e1a982e58e1e	Arlib/MarkovChains/Continuous/ConvexBodyMixing.lean	snapshot-only	-
continuous-mcmc/src/Arlib/MarkovChains/Continuous/CostedRestartTrajectory.lean	2acab6532acd9b877f06e5725f78ab9be4afa157d52ad59bea73e68e2af6de60	Arlib/MarkovChains/Continuous/CostedRestartTrajectory.lean	snapshot-only	-
continuous-mcmc/src/Arlib/MarkovChains/Continuous/DeltaCap.lean	c44511bb15dd253b2e97b72bc7ba4774c1b62eaa98c6e7d612d8de913ddcfef5	Arlib/MarkovChains/Continuous/DeltaCap.lean	snapshot-only	-
continuous-mcmc/src/Arlib/MarkovChains/Continuous/EllFloor.lean	ded5d239b6fb69c3483537302dafe104633a0eed4bef76c865d6ee530bc7d5af	Arlib/MarkovChains/Continuous/EllFloor.lean	snapshot-only	-
continuous-mcmc/src/Arlib/MarkovChains/Continuous/EuclideanBathtub.lean	bfa21e42c6061cc8fb8da44596f862dec20aaa76335c024608fd94dd9263b779	Arlib/MarkovChains/Continuous/EuclideanBathtub.lean	snapshot-only	-
continuous-mcmc/src/Arlib/MarkovChains/Continuous/EuclideanLSCurve.lean	6e73ae3de629a1ab69dcc910b1dbe6d79442f4225d0795311d94fbaf7ad87457	Arlib/MarkovChains/Continuous/EuclideanLSCurve.lean	snapshot-only	-
continuous-mcmc/src/Arlib/MarkovChains/Continuous/EuclideanMeasureSlicing.lean	273ea005d96d8f3de444ccaa4128b07b7ce2b3c210c66d40c93607465b548b44	Arlib/MarkovChains/Continuous/EuclideanMeasureSlicing.lean	snapshot-only	-
continuous-mcmc/src/Arlib/MarkovChains/Continuous/EuclideanWeightedBathtub.lean	5b682359877bf40e69936975729a80822cdda2c5b368a15024df6112e81cc221	Arlib/MarkovChains/Continuous/EuclideanWeightedBathtub.lean	snapshot-only	-
continuous-mcmc/src/Arlib/MarkovChains/Continuous/GaussianMetropolisTransfer.lean	f1988721e158b8f8cce5ff01628543be208edb015b32885ea458380439d1b260	Arlib/MarkovChains/Continuous/GaussianMetropolisTransfer.lean	snapshot-only	-
continuous-mcmc/src/Arlib/MarkovChains/Continuous/GaussianWarmLSAdapter.lean	370e5cb7fd5ca1db3c7095deb36a0eac5c9af607b7126977cf971c6e8d8656fa	Arlib/MarkovChains/Continuous/GaussianWarmLSAdapter.lean	snapshot-only	-
continuous-mcmc/src/Arlib/MarkovChains/Continuous/HitAndRun.lean	4e20de3456b16360664db8d95db907f11873505a4f29b4bf4ffb109aaa9f1b15	Arlib/MarkovChains/Continuous/HitAndRun.lean	migrated-community	ArlibCommunity/MarkovChains/Continuous/HitAndRun.lean
continuous-mcmc/src/Arlib/MarkovChains/Continuous/HitAndRunConductance.lean	abdc825b0572bad379e72aafcbc1260718f6773447547abec194403cb910983e	Arlib/MarkovChains/Continuous/HitAndRunConductance.lean	migrated-community	ArlibCommunity/MarkovChains/Continuous/HitAndRunConductance.lean
continuous-mcmc/src/Arlib/MarkovChains/Continuous/HitAndRunConductanceParam.lean	c40d0cd2e446fc766832972df3eb2449e8d29ff3bb8ec12f075dbb6ecca6c905	Arlib/MarkovChains/Continuous/HitAndRunConductanceParam.lean	snapshot-only	-
continuous-mcmc/src/Arlib/MarkovChains/Continuous/HitAndRunLem41.lean	786781f544b065f41c2d820f187ba90e66e16024182c2be63aab88ab463d4c11	Arlib/MarkovChains/Continuous/HitAndRunLem41.lean	snapshot-only	-
continuous-mcmc/src/Arlib/MarkovChains/Continuous/HitAndRunLem41Discharge.lean	daa8ff2d91ea4175f64f0dbc08c152c2c6bb6a7f15b0457dd361593d3b125505	Arlib/MarkovChains/Continuous/HitAndRunLem41Discharge.lean	snapshot-only	-
continuous-mcmc/src/Arlib/MarkovChains/Continuous/HitAndRunMixing.lean	efdf4ffa5d163df44d8278e8cf378832391218cd05c987d9dd9ac88aa2f18183	Arlib/MarkovChains/Continuous/HitAndRunMixing.lean	migrated-community	ArlibCommunity/MarkovChains/Continuous/HitAndRunMixing.lean
continuous-mcmc/src/Arlib/MarkovChains/Continuous/HitAndRunMixingUncond.lean	3ae08c75bf27d68a1565eb72cec3f82b651a62766a7c9781dd2a271e9793276a	Arlib/MarkovChains/Continuous/HitAndRunMixingUncond.lean	snapshot-only	-
continuous-mcmc/src/Arlib/MarkovChains/Continuous/HitAndRunOverlap.lean	8f391cb2a68602d6765888308feebf53ba5d694205711ca44b97b12b90e2c28c	Arlib/MarkovChains/Continuous/HitAndRunOverlap.lean	snapshot-only	-
continuous-mcmc/src/Arlib/MarkovChains/Continuous/HitAndRunUncond.lean	b81508eb89159100ccd383be430207ffdc4259c548e21c3770c5987fd4461861	Arlib/MarkovChains/Continuous/HitAndRunUncond.lean	snapshot-only	-
continuous-mcmc/src/Arlib/MarkovChains/Continuous/HoldingTime.lean	442c7fd2c6eef21b29eb77eba327eeb69d843578d19049eacae287943ff79029	Arlib/MarkovChains/Continuous/HoldingTime.lean	migrated-community	ArlibCommunity/MarkovChains/Continuous/HoldingTime.lean
continuous-mcmc/src/Arlib/MarkovChains/Continuous/KLS97Shell.lean	bfd1f9c1cf0056ee33d3149ac24d327aaf21b3ce2fb0edddc5827943231a870a	Arlib/MarkovChains/Continuous/KLS97Shell.lean	snapshot-only	-
continuous-mcmc/src/Arlib/MarkovChains/Continuous/L2Mixing.lean	317224e60240efd6bc52d3eccb36876106f6f9638eecd158d7e5ea1d9b9255c9	Arlib/MarkovChains/Continuous/L2Mixing.lean	retained-core	Arlib/MarkovChains/Continuous/L2Mixing.lean
continuous-mcmc/src/Arlib/MarkovChains/Continuous/LSScalarDecay.lean	d8278590acac7c10e369d24a6a8ac4852f2ca3eef7de8d41de01847107fe17b5	Arlib/MarkovChains/Continuous/LSScalarDecay.lean	snapshot-only	-
continuous-mcmc/src/Arlib/MarkovChains/Continuous/LambdaBoundGaussian.lean	157f5459b3d497b7cdf3feae4843fbc97dcca81189d804a0494f176973f61af7	Arlib/MarkovChains/Continuous/LambdaBoundGaussian.lean	snapshot-only	-
continuous-mcmc/src/Arlib/MarkovChains/Continuous/LambdaBoundSharp.lean	f2af09273575dd48c4d75221c44db6e2572c2264aae70e85f05bdd7cac613bdd	Arlib/MarkovChains/Continuous/LambdaBoundSharp.lean	snapshot-only	-
continuous-mcmc/src/Arlib/MarkovChains/Continuous/LambdaFromShrunken.lean	13e3e139b2323efc8e0625747d136e62248ca23d980e4ec6761f7ea1023ebafd	Arlib/MarkovChains/Continuous/LambdaFromShrunken.lean	snapshot-only	-
continuous-mcmc/src/Arlib/MarkovChains/Continuous/LazyProfileMajorization.lean	7d1afb7abfdf71cff064276ce745fc3d021629cbfad28c6ffefb37a2828c9980	Arlib/MarkovChains/Continuous/LazyProfileMajorization.lean	snapshot-only	-
continuous-mcmc/src/Arlib/MarkovChains/Continuous/LensHalfspace.lean	4d73f706e1afc5e6834ac8eb4895ec15f661511c6b6e71250233214fd2ed0179	Arlib/MarkovChains/Continuous/LensHalfspace.lean	snapshot-only	-
continuous-mcmc/src/Arlib/MarkovChains/Continuous/LensMin.lean	cd3891336b901656fc9f1ce64f3bfa9452063c9de67c20724477aa4780bf804d	Arlib/MarkovChains/Continuous/LensMin.lean	snapshot-only	-
continuous-mcmc/src/Arlib/MarkovChains/Continuous/LensSharp.lean	7da018ae62aaea4acc6992555ebc6d2dc3fc88fc84e80ca59452d99be7765b9b	Arlib/MarkovChains/Continuous/LensSharp.lean	snapshot-only	-
continuous-mcmc/src/Arlib/MarkovChains/Continuous/LocalConductanceMoment.lean	c98d4ddc960569fa6951018ccfe7de6f7f2745424a416b333e468e2341c2f146	Arlib/MarkovChains/Continuous/LocalConductanceMoment.lean	snapshot-only	-
continuous-mcmc/src/Arlib/MarkovChains/Continuous/LovaszSmoothing.lean	95df90eadc5c60d4895a2fff5549fdfd80a000891cda45e7d176486214b6f650	Arlib/MarkovChains/Continuous/LovaszSmoothing.lean	snapshot-only	-
continuous-mcmc/src/Arlib/MarkovChains/Continuous/LovaszSmoothingSharp.lean	cfead050fcfd0081fbcc850aa61eabb011c101ffb6aa342afe4a120bd8f60b5e	Arlib/MarkovChains/Continuous/LovaszSmoothingSharp.lean	snapshot-only	-
continuous-mcmc/src/Arlib/MarkovChains/Continuous/MapSpeedyToTarget.lean	d7874cacac0cf65f7e0ffddc0cb8ff97d5d17931ed3f24b677eb0ff991f7d637	Arlib/MarkovChains/Continuous/MapSpeedyToTarget.lean	snapshot-only	-
continuous-mcmc/src/Arlib/MarkovChains/Continuous/MarkedTimeChange.lean	c31ca2fca1b57034a85b4bcb68da253cb0df24698f33fcfbcd4850fc8624541d	Arlib/MarkovChains/Continuous/MarkedTimeChange.lean	snapshot-only	-
continuous-mcmc/src/Arlib/MarkovChains/Continuous/MetropolisConductance.lean	dcd103a70305e6e6403723255eac30d0e020662cbe82bab432dc5cb028572182	Arlib/MarkovChains/Continuous/MetropolisConductance.lean	snapshot-only	-
continuous-mcmc/src/Arlib/MarkovChains/Continuous/MetropolisConductanceSharp.lean	ee3d6a930112c7d082b3efe072dfb657be82f9ca07138d9348cb85018b9905d3	Arlib/MarkovChains/Continuous/MetropolisConductanceSharp.lean	snapshot-only	-
continuous-mcmc/src/Arlib/MarkovChains/Continuous/MetropolisGaussian.lean	eaea644e6b7e9f0bf7fdfacbcbf83ec59b4091f6d5f5d8c6e05107063fc08cef	Arlib/MarkovChains/Continuous/MetropolisGaussian.lean	snapshot-only	-
continuous-mcmc/src/Arlib/MarkovChains/Continuous/MetropolisMixing.lean	d4bfe4389b4597b6cc5019b7588e3704fe21474be9bec967ee0bb9d844b953ca	Arlib/MarkovChains/Continuous/MetropolisMixing.lean	snapshot-only	-
continuous-mcmc/src/Arlib/MarkovChains/Continuous/MetropolisMixingUncond.lean	1ecd1f2fec743b00bce5d370e0a6c6e8fd354586b3ead3c1bd2cd4e731aeb5ab	Arlib/MarkovChains/Continuous/MetropolisMixingUncond.lean	snapshot-only	-
continuous-mcmc/src/Arlib/MarkovChains/Continuous/MetropolisOverlapSqrt.lean	bfc34f8fc90457dce7a2d820c59aa8ab188ae8df28b27d5e0e95f56697ef4dfc	Arlib/MarkovChains/Continuous/MetropolisOverlapSqrt.lean	snapshot-only	-
continuous-mcmc/src/Arlib/MarkovChains/Continuous/MixingFromConductance.lean	29d8076c2837ffa34144f35198cdfab44ccf209da62368d3ef0f6495bc93300a	Arlib/MarkovChains/Continuous/MixingFromConductance.lean	retained-core	Arlib/MarkovChains/Continuous/MixingFromConductance.lean
continuous-mcmc/src/Arlib/MarkovChains/Continuous/MixingSqrt.lean	50a109fdcb651c14af71e2f9bb7eaafbfd4ed0a8b946616e33b06f0621930357	Arlib/MarkovChains/Continuous/MixingSqrt.lean	snapshot-only	-
continuous-mcmc/src/Arlib/MarkovChains/Continuous/NonStationary.lean	539a6f0d2002914bb543ddb0a26d2b80d7d9265bb105ccc514f6dbd538597584	Arlib/MarkovChains/Continuous/NonStationary.lean	snapshot-only	-
continuous-mcmc/src/Arlib/MarkovChains/Continuous/OverlapPerPair.lean	f6649d1e32b05d52cfdab6c10006e1ae41f0960082cc08158a2e17c6dd97e309	Arlib/MarkovChains/Continuous/OverlapPerPair.lean	snapshot-only	-
continuous-mcmc/src/Arlib/MarkovChains/Continuous/OverlapSqrt.lean	c2c0391feba96e314814df773efa9944b9b2f04314f3447bfb44008093a922c9	Arlib/MarkovChains/Continuous/OverlapSqrt.lean	snapshot-only	-
continuous-mcmc/src/Arlib/MarkovChains/Continuous/PointwiseMixing.lean	936cb915970e2a81b9bd295974c9bd84a8f12b2faf8da21a16b5d8c6d56e1423	Arlib/MarkovChains/Continuous/PointwiseMixing.lean	retained-core	Arlib/MarkovChains/Continuous/PointwiseMixing.lean
continuous-mcmc/src/Arlib/MarkovChains/Continuous/PointwiseRoute.lean	d3503caf8b7b59540d23d9284302c68bff68722944cbe7b7c5847c74989be7d5	Arlib/MarkovChains/Continuous/PointwiseRoute.lean	migrated-community	ArlibCommunity/MarkovChains/Continuous/PointwiseRoute.lean
continuous-mcmc/src/Arlib/MarkovChains/Continuous/PolytopeChord.lean	69a527fd976a55b8572d09a60e028725d5ae3af747d4bc06d21256d0650c96ba	Arlib/MarkovChains/Continuous/PolytopeChord.lean	snapshot-only	-
continuous-mcmc/src/Arlib/MarkovChains/Continuous/PolytopeHitAndRunExecution.lean	585605ca7b8fd3ffe3fa51e5f8cf708a3da36992d31248c6dea4db0e6fc15ff2	Arlib/MarkovChains/Continuous/PolytopeHitAndRunExecution.lean	snapshot-only	-
continuous-mcmc/src/Arlib/MarkovChains/Continuous/ProperProposalCostedRestart.lean	3582d11e49dea76da95b9fa797608008644454273e069f48c7090ecd1a5e2c8b	Arlib/MarkovChains/Continuous/ProperProposalCostedRestart.lean	snapshot-only	-
continuous-mcmc/src/Arlib/MarkovChains/Continuous/ProperProposalCutoff.lean	b0820586aeec2ed1e503da9c626642a358d1923c9fac2def006186c4bccdffe4	Arlib/MarkovChains/Continuous/ProperProposalCutoff.lean	snapshot-only	-
continuous-mcmc/src/Arlib/MarkovChains/Continuous/ProperProposalGaussian.lean	3f0e822d90590769c4afe9c566bf264e73381a6a3138c49165b3c822192c29b5	Arlib/MarkovChains/Continuous/ProperProposalGaussian.lean	snapshot-only	-
continuous-mcmc/src/Arlib/MarkovChains/Continuous/ProperProposalLazyCutoff.lean	25385ffb2be800942add47b5f36910e398215d596602e88f855d38011b1e02fb	Arlib/MarkovChains/Continuous/ProperProposalLazyCutoff.lean	snapshot-only	-
continuous-mcmc/src/Arlib/MarkovChains/Continuous/ProperProposalStoppedTrajectory.lean	dee0a3f340cc2b6429d858f16862c29a0d1f0ad1d52ef8111f9a125c72f09496	Arlib/MarkovChains/Continuous/ProperProposalStoppedTrajectory.lean	snapshot-only	-
continuous-mcmc/src/Arlib/MarkovChains/Continuous/ProperProposalTrajectory.lean	bd8c35dae239f49b345174023f4e2808384488ac905ee0b38960f826de979209	Arlib/MarkovChains/Continuous/ProperProposalTrajectory.lean	snapshot-only	-
continuous-mcmc/src/Arlib/MarkovChains/Continuous/RadiusFourGaussian.lean	d7c37facc24b41e90696b218bf97c985e6fd95b4436a0def1ac877aff5dd9744	Arlib/MarkovChains/Continuous/RadiusFourGaussian.lean	snapshot-only	-
continuous-mcmc/src/Arlib/MarkovChains/Continuous/SConductanceCoarea.lean	df976090a3e52dfc6785de502d4c0b0b6ca706ce41e493989539b7adb678a51d	Arlib/MarkovChains/Continuous/SConductanceCoarea.lean	snapshot-only	-
continuous-mcmc/src/Arlib/MarkovChains/Continuous/SamplerStepCount.lean	44c51e27dcc2bd551fadfed2fca66ec05b5d953ab19966cb05f96fbfd7acb758	Arlib/MarkovChains/Continuous/SamplerStepCount.lean	snapshot-only	-
continuous-mcmc/src/Arlib/MarkovChains/Continuous/SmoothSqrt.lean	9eb28237f93483e97e81f131c264795cec50d21ee3e477963d4c5a4042131dd9	Arlib/MarkovChains/Continuous/SmoothSqrt.lean	snapshot-only	-
continuous-mcmc/src/Arlib/MarkovChains/Continuous/SpeedyAffine.lean	9dd14aeae892955158c90283159daac88a3d57ea0c1691bff7f20796e21a3781	Arlib/MarkovChains/Continuous/SpeedyAffine.lean	snapshot-only	-
continuous-mcmc/src/Arlib/MarkovChains/Continuous/SpeedyConductanceSharp.lean	7ea917125091b553c9fe2ec76d987aac71e30831665805e5492da0cafb986372	Arlib/MarkovChains/Continuous/SpeedyConductanceSharp.lean	snapshot-only	-
continuous-mcmc/src/Arlib/MarkovChains/Continuous/SpeedyConductanceSqrt.lean	1b161865251d9e9d3869dd0854710c826986a08de72f2420fb496744594fa919	Arlib/MarkovChains/Continuous/SpeedyConductanceSqrt.lean	snapshot-only	-
continuous-mcmc/src/Arlib/MarkovChains/Continuous/SpeedyExactOnShrunken.lean	541c29273f03addc5c5294d636298b122855b23a692176a37668882188273243	Arlib/MarkovChains/Continuous/SpeedyExactOnShrunken.lean	snapshot-only	-
continuous-mcmc/src/Arlib/MarkovChains/Continuous/SpeedyGaussian.lean	d4467b1f5b35c77eb7f5ee0fc70f2e9b9ca375724bae661b3690d2c3792c5de9	Arlib/MarkovChains/Continuous/SpeedyGaussian.lean	snapshot-only	-
continuous-mcmc/src/Arlib/MarkovChains/Continuous/SpeedyGaussianConductance.lean	5d98378f2cda02a76539b952df3ce429dabda3f6e11a26dcdc780e724b152ecb	Arlib/MarkovChains/Continuous/SpeedyGaussianConductance.lean	snapshot-only	-
continuous-mcmc/src/Arlib/MarkovChains/Continuous/SpeedyOverlap.lean	ca4cda94728ecdf6763b91fd3f1f66a7016ca1472860c7375ab843995c85db94	Arlib/MarkovChains/Continuous/SpeedyOverlap.lean	snapshot-only	-
continuous-mcmc/src/Arlib/MarkovChains/Continuous/SpeedyRejection.lean	4b509c79f1a5904fff92cf3044848759be4dad512e52a78e8176934b7fece12a	Arlib/MarkovChains/Continuous/SpeedyRejection.lean	snapshot-only	-
continuous-mcmc/src/Arlib/MarkovChains/Continuous/SpeedyToGaussian.lean	487a908a00aed0ff9081691e1f8833ac7cf769a0e03856b7c0d71cc5e93f6c52	Arlib/MarkovChains/Continuous/SpeedyToGaussian.lean	snapshot-only	-
continuous-mcmc/src/Arlib/MarkovChains/Continuous/SpeedyToUniform.lean	39cdcf0ebc47bf1bcc55ff97ef3fec01492f71f9f0dd305dae7b66f55d246069	Arlib/MarkovChains/Continuous/SpeedyToUniform.lean	snapshot-only	-
continuous-mcmc/src/Arlib/MarkovChains/Continuous/SpeedyUniformPoly.lean	7e423a42bf347b22525c47c48ff384e0f5701736345ed565c1d2d3db8e12f918	Arlib/MarkovChains/Continuous/SpeedyUniformPoly.lean	snapshot-only	-
continuous-mcmc/src/Arlib/MarkovChains/Continuous/SpeedyWalk.lean	e2149be50aac9606dd2f8c762c0620c2f9c81cb732594fe3d6a98424ce1e99f4	Arlib/MarkovChains/Continuous/SpeedyWalk.lean	migrated-community	ArlibCommunity/MarkovChains/Continuous/SpeedyWalk.lean
continuous-mcmc/src/Arlib/MarkovChains/Continuous/SphereCap.lean	f34c4a80565e9ff7972abcd390c79b0233de25d3eb9a0c00169fc691b82503b0	Arlib/MarkovChains/Continuous/SphereCap.lean	snapshot-only	-
continuous-mcmc/src/Arlib/MarkovChains/Continuous/SphereCoord.lean	b5a947ce748be7b09c26b947bbb18d3ad99eb1c22db404aaebea4f6b0f18fbd2	Arlib/MarkovChains/Continuous/SphereCoord.lean	migrated-community	ArlibCommunity/MarkovChains/Continuous/SphereCoord.lean
continuous-mcmc/src/Arlib/MarkovChains/Continuous/StarPolar.lean	09a1114fbaf4a6a4df7d044929e277439b12f0dfcfc2b4464b5f8d46c15190b7	Arlib/MarkovChains/Continuous/StarPolar.lean	snapshot-only	-
continuous-mcmc/src/Arlib/MarkovChains/Continuous/StepSizeFunction.lean	debc0b6707c25d3dbcbe0c16b169bcd45bf5cc0bed346c79d8b55c71670c98e4	Arlib/MarkovChains/Continuous/StepSizeFunction.lean	snapshot-only	-
continuous-mcmc/src/Arlib/MarkovChains/Continuous/TVWitness.lean	51395ef4f7dd9f594d02633d13594d5f3323dbfe80a77ac46b6cf47610eab1f5	Arlib/MarkovChains/Continuous/TVWitness.lean	snapshot-only	-
continuous-mcmc/src/Arlib/MarkovChains/Continuous/TimeChange.lean	9299b71565193fc4f29b4c785b240f1016254a21466981a2c01880d38e45229a	Arlib/MarkovChains/Continuous/TimeChange.lean	snapshot-only	-
continuous-mcmc/src/Arlib/MarkovChains/Continuous/TrajTransfer.lean	4d2d3840722c26aa2d1c8bff09272f8df3bc68a656820b6011749af510db3e22	Arlib/MarkovChains/Continuous/TrajTransfer.lean	snapshot-only	-
continuous-mcmc/src/Arlib/MarkovChains/Continuous/UniformSamplerSharp.lean	1a55cf07d3fdcecd173575c7c4f26e2dac61acb9440c61f2ae400041ad8974f1	Arlib/MarkovChains/Continuous/UniformSamplerSharp.lean	snapshot-only	-
continuous-mcmc/src/Arlib/MarkovChains/Continuous/UniformSamplerUncond.lean	5a3c82666666c9e747cec699fcc027342059909216cd84af57e3876e37d27fa3	Arlib/MarkovChains/Continuous/UniformSamplerUncond.lean	snapshot-only	-
continuous-mcmc/src/Arlib/MarkovChains/Continuous/UnitBallMixing.lean	976719ff7ddaae8b7711fa78cf2cdab7f5dffcbc8645fca2b0a71ab0bd4b5b7a	Arlib/MarkovChains/Continuous/UnitBallMixing.lean	snapshot-only	-
continuous-mcmc/src/Arlib/MarkovChains/Continuous/WarmEllProb.lean	fb11a940948a9b6147ee64ce94cca99db1e9d9308c8555d972b927696a772320	Arlib/MarkovChains/Continuous/WarmEllProb.lean	snapshot-only	-
continuous-mcmc/src/Arlib/MarkovChains/Continuous/WarmHolder.lean	87c67b83546e2e7c3081a2348d5e38faf0f514553ff14237ff56a973681bdf8d	Arlib/MarkovChains/Continuous/WarmHolder.lean	snapshot-only	-
continuous-mcmc/src/Arlib/MarkovChains/Continuous/WarmLSCurveRecurrence.lean	d45cc039ff828d3fd8b878aa952a2ee926b0623a8903a94f5029b84512393d78	Arlib/MarkovChains/Continuous/WarmLSCurveRecurrence.lean	snapshot-only	-
continuous-mcmc/src/Arlib/MarkovChains/Continuous/WarmLSMixing.lean	e5507ae67c588ac07b545a6ebc77d6e35d23423fede8230223961a42dd65e328	Arlib/MarkovChains/Continuous/WarmLSMixing.lean	snapshot-only	-
continuous-mcmc/src/Arlib/MarkovChains/Continuous/WarmLSOneStep.lean	af57194ac08a3aaec64281820f04fb8e0f19a40d2da99fb8282de5a8ba8f71f3	Arlib/MarkovChains/Continuous/WarmLSOneStep.lean	snapshot-only	-
continuous-mcmc/src/Arlib/MarkovChains/Continuous/WarmStart.lean	9d35d7aadf1e2040d02a4b5bc3ff0b1b745913a8472cd0328d406385bdb02730	Arlib/MarkovChains/Continuous/WarmStart.lean	snapshot-only	-
continuous-mcmc/src/Arlib/MarkovChains/Continuous/WarmStartGeneral.lean	19c8f115700488b66245d0b1f548698aa710af4f83984c6f1fa29b9a7ac43a89	Arlib/MarkovChains/Continuous/WarmStartGeneral.lean	snapshot-only	-
continuous-mcmc/src/Arlib/MarkovChains/Continuous/Warmness.lean	590bd7fe307dccea3ea92eaaa700a224c8931e8a31d04606296839b27d13faee	Arlib/MarkovChains/Continuous/Warmness.lean	retained-core	Arlib/MarkovChains/Continuous/Warmness.lean
continuous-mcmc/src/Arlib/MarkovChains/Continuous/WastedSteps.lean	0f78fe04d2131a85f0c322fa3e9e328a3eb4a1f2b094dadb23f7f20edf56b67f	Arlib/MarkovChains/Continuous/WastedSteps.lean	snapshot-only	-
continuous-mcmc/src/Arlib/MarkovChains/Continuous/WastedStepsGaussian.lean	7305f73bcf6012e472b0070e6477072d47d3c2eedf7520b1fb0adf8257aceb5e	Arlib/MarkovChains/Continuous/WastedStepsGaussian.lean	snapshot-only	-
convex-body-geometry/src/Arlib/Convexity/AdaptedProfileChain.lean	031032234eafc89e5d25f861ed56e6ac2a466b69d855b6591a5ce3162daff9a6	Arlib/Convexity/AdaptedProfileChain.lean	snapshot-only	-
convex-body-geometry/src/Arlib/Convexity/AdaptedProfileSelection.lean	4f21f964a77d1a3de58ca2f9c9463374c3a3a832f3540011e87d170a9b56412d	Arlib/Convexity/AdaptedProfileSelection.lean	snapshot-only	-
convex-body-geometry/src/Arlib/Convexity/AffineProfileCut.lean	839f868b58f78b1da6bdb0dd48ec5b77c414ace77d50adf48fe7511712f48566	Arlib/Convexity/AffineProfileCut.lean	snapshot-only	-
convex-body-geometry/src/Arlib/Convexity/BFAffineCoreAttainment.lean	46ca77e04f89b148cb44f4e85d3b638aeca0dab3cdb1d118d8a9656b31943d22	Arlib/Convexity/BFAffineCoreAttainment.lean	snapshot-only	-
convex-body-geometry/src/Arlib/Convexity/BFAffineCoreCompactness.lean	ec1a4fec29813c502e688b03bf17eebad8c6f3b2eb7ebc29420a756cdb0bc963	Arlib/Convexity/BFAffineCoreCompactness.lean	snapshot-only	-
convex-body-geometry/src/Arlib/Convexity/BFAffineRoofPencil.lean	d91b494aa75f6495eddd9530b6052514c8654650849df3eb2ed005bdd0c561ac	Arlib/Convexity/BFAffineRoofPencil.lean	snapshot-only	-
convex-body-geometry/src/Arlib/Convexity/BFArbitraryHeightSelector.lean	32dc44563a42cd7c432857647fcf5027ed7ce961c019218ceafebcc7545ad271	Arlib/Convexity/BFArbitraryHeightSelector.lean	snapshot-only	-
convex-body-geometry/src/Arlib/Convexity/BFCaseOneArithmetic.lean	f3821ce488dccfef8af9612d9193bad9f4caf18e6dcd1e5d01669b6c6755da63	Arlib/Convexity/BFCaseOneArithmetic.lean	snapshot-only	-
convex-body-geometry/src/Arlib/Convexity/BFEndpointJumpObstruction.lean	3855c0928eb55977d261a444d467dcc4d619138f06bf18b846b3f4b1dbde3964	Arlib/Convexity/BFEndpointJumpObstruction.lean	snapshot-only	-
convex-body-geometry/src/Arlib/Convexity/BFEndpointTightness.lean	cee2243dc57508a00d60b9d7a0c89e868fc5b82526fd246c996b7b0fd042e871	Arlib/Convexity/BFEndpointTightness.lean	snapshot-only	-
convex-body-geometry/src/Arlib/Convexity/BFExtremalProfile.lean	dd81ed5563a83c693fbd6e1b702292e49e147e4c363e21533a32cd3377cc1202	Arlib/Convexity/BFExtremalProfile.lean	snapshot-only	-
convex-body-geometry/src/Arlib/Convexity/BFLexicographicExtremizer.lean	216a3fb6758e183e3c086d6a5e35268c41eaf3acddfb21f115c65b5be7150a7f	Arlib/Convexity/BFLexicographicExtremizer.lean	snapshot-only	-
convex-body-geometry/src/Arlib/Convexity/BFMovingCandidate.lean	b2817f72c35cbf1f2b959c1cbf1844be679a19482fd58ac3b9616ef6a847da3c	Arlib/Convexity/BFMovingCandidate.lean	snapshot-only	-
convex-body-geometry/src/Arlib/Convexity/BFMovingCandidateLimitExposed.lean	038f965994c23d9d421deeaa13f9da22468119d2d1ce81a358ef45cda7fb90d3	Arlib/Convexity/BFMovingCandidateLimitExposed.lean	snapshot-only	-
convex-body-geometry/src/Arlib/Convexity/BFMovingEndpointCompactness.lean	3d9907a61514c52715a342e3328e84241dea9e5506efb42d585bd4301efd9042	Arlib/Convexity/BFMovingEndpointCompactness.lean	snapshot-only	-
convex-body-geometry/src/Arlib/Convexity/BFPositiveSupportWidthObstruction.lean	f6ab8bd9725252d36737e853ff11cf099101847d6bcc37eb95812372f61de18c	Arlib/Convexity/BFPositiveSupportWidthObstruction.lean	snapshot-only	-
convex-body-geometry/src/Arlib/Convexity/BFProfileCompactness.lean	b5f106b685185d67b54a6f0bc6ee484b8ca89122c7a8dbcd2002d24440f3263c	Arlib/Convexity/BFProfileCompactness.lean	snapshot-only	-
convex-body-geometry/src/Arlib/Convexity/BFRotatingRoofCut.lean	8d0a44d764295402a8c3728bc7bea0bd5b0dd6ea9c975964aafaca7e088aee7d	Arlib/Convexity/BFRotatingRoofCut.lean	snapshot-only	-
convex-body-geometry/src/Arlib/Convexity/BFSimplexSlice.lean	65ef528fb0dc71beba4329634508c044e112a4b23441d127f5e12112f3320a4b	Arlib/Convexity/BFSimplexSlice.lean	snapshot-only	-
convex-body-geometry/src/Arlib/Convexity/BFSupportMinimalityPencil.lean	9f265fe8351d507ac94e887e503c7e253e5af8a074eefd15ab7aa8e29e277c3b	Arlib/Convexity/BFSupportMinimalityPencil.lean	snapshot-only	-
convex-body-geometry/src/Arlib/Convexity/BFUpperShellProfile.lean	ef5fd3597ce9263671f33c2628a66c9b765c4545cec241914e19b6d7dce9d205	Arlib/Convexity/BFUpperShellProfile.lean	snapshot-only	-
convex-body-geometry/src/Arlib/Convexity/BFUpperShellSelector.lean	6d5a802cac63818617b5bfcc606f3adcffcc3444b89ebfe4ea74a00160b0dc71	Arlib/Convexity/BFUpperShellSelector.lean	snapshot-only	-
convex-body-geometry/src/Arlib/Convexity/BFUpperShellSupportInterval.lean	ff84f6a55cdfe2de001f40dbd17abe52e11b79f76655bf6d40e4bdbcfcfe062b	Arlib/Convexity/BFUpperShellSupportInterval.lean	snapshot-only	-
convex-body-geometry/src/Arlib/Convexity/BFVerticalLowerIntegration.lean	7dfe2b4b8e278ea60e8eab15f3985ab426e9f2040fd3b37399c418f9b070978e	Arlib/Convexity/BFVerticalLowerIntegration.lean	snapshot-only	-
convex-body-geometry/src/Arlib/Convexity/BFVerticalSelectorIntegration.lean	55a23c5608b7deb9975b5065e839abb9dacfaff511c26446ef3e9935fda1b9c3	Arlib/Convexity/BFVerticalSelectorIntegration.lean	snapshot-only	-
convex-body-geometry/src/Arlib/Convexity/BrascampLieb1D.lean	116419107f8047c2e71a59abe062bdb0f37d1adba5a29766e9d4830d60583f58	Arlib/Convexity/BrascampLieb1D.lean	snapshot-only	-
convex-body-geometry/src/Arlib/Convexity/BrunnSharp.lean	407516e234d6810e1c02bca578ddb454a0b5b0f94799a175497ba32ce8d4e49d	Arlib/Convexity/BrunnSharp.lean	retained-core	Arlib/Convexity/BrunnSharp.lean
convex-body-geometry/src/Arlib/Convexity/ChordCompare.lean	d92ed5c62552166cbec7d9a3cab18c41f78e9f7d351069b6f5f5ea922dfe91ef	Arlib/Convexity/ChordCompare.lean	snapshot-only	-
convex-body-geometry/src/Arlib/Convexity/ChordContinuity.lean	ad49f52e0975efaabde7e8b28183eb89cab2db7040a50793263e98bd68e9a9cf	Arlib/Convexity/ChordContinuity.lean	snapshot-only	-
convex-body-geometry/src/Arlib/Convexity/ConcaveProfileIso.lean	f881d48a0193d257e3d2b5f28720faf8fd51aea2dde97f8fd2a9e8915eaaf759	Arlib/Convexity/ConcaveProfileIso.lean	snapshot-only	-
convex-body-geometry/src/Arlib/Convexity/ConcaveSelection.lean	513bc3ebff8a23049f775fb97638deeff24bedb3dadeb43f2c0aa9d264626ca4	Arlib/Convexity/ConcaveSelection.lean	snapshot-only	-
convex-body-geometry/src/Arlib/Convexity/CrossRatio.lean	fe03ba6fb379edf9f066d45d0094ca1a2f29e295f12744a408d352adc48c0ce2	Arlib/Convexity/CrossRatio.lean	retained-core	Arlib/Convexity/CrossRatio.lean
convex-body-geometry/src/Arlib/Convexity/CrossRatioIsoBridge.lean	d12947adfa73360e415dd9950cb5c43d1ee4c84823b18db10de899f8cfdc8d5d	Arlib/Convexity/CrossRatioIsoBridge.lean	snapshot-only	-
convex-body-geometry/src/Arlib/Convexity/CrossRatioOneDim.lean	be97a3621c6af14076cce18dbf3eeac82a77fe619f53fc71b6290d60e838b346	Arlib/Convexity/CrossRatioOneDim.lean	snapshot-only	-
convex-body-geometry/src/Arlib/Convexity/DyerFrieze.lean	3e3dccafc63923dabe5d1677f8f1486882d8a5155e8e893decca523958ef3e2f	Arlib/Convexity/DyerFrieze.lean	snapshot-only	-
convex-body-geometry/src/Arlib/Convexity/EllGaussianFacts.lean	c1ee69f9eb5f59f0e9e3f991fd351891f2b1bb498bcd5b93fefa90c293a82001	Arlib/Convexity/EllGaussianFacts.lean	snapshot-only	-
convex-body-geometry/src/Arlib/Convexity/EllLogConcave.lean	bb410ae906e0206cc61fafe604d24da0bdf91d8c13555f29ae46eeab8b7b262b	Arlib/Convexity/EllLogConcave.lean	snapshot-only	-
convex-body-geometry/src/Arlib/Convexity/EllMollifier.lean	9230cd790aef83e1112dcb8eeae4be66024eeaf8649a98bd33f7bbfd3436b450	Arlib/Convexity/EllMollifier.lean	snapshot-only	-
convex-body-geometry/src/Arlib/Convexity/HitAndRunConductanceUncond.lean	eff99c7a230ee389b6c4002f36f033068f976753bcb0c287b844b3a5c7b24a63	Arlib/Convexity/HitAndRunConductanceUncond.lean	snapshot-only	-
convex-body-geometry/src/Arlib/Convexity/HitAndRunIsoFree.lean	df30a81cf828bb7e0a45cc370d816e50211855741600075edce5946bd9e56fa2	Arlib/Convexity/HitAndRunIsoFree.lean	snapshot-only	-
convex-body-geometry/src/Arlib/Convexity/HitAndRunStep.lean	7e8acd77df47271e64c07745dd6ec901a9d0c0a56b04331ef5bf118854b05b5d	Arlib/Convexity/HitAndRunStep.lean	migrated-community	ArlibCommunity/Convexity/HitAndRunStep.lean
convex-body-geometry/src/Arlib/Convexity/HlocFromLocalization.lean	2441fa566e7ff5b45dfa57304c2f619e8202db6ea903d03e4a53890f0c893ff4	Arlib/Convexity/HlocFromLocalization.lean	snapshot-only	-
convex-body-geometry/src/Arlib/Convexity/IntervalReduction.lean	f21db0953a7d8ad47229aa3185cacc6009b9147de15357bd0ecb215cfa3202c0	Arlib/Convexity/IntervalReduction.lean	snapshot-only	-
convex-body-geometry/src/Arlib/Convexity/IsoBall.lean	4f1d18ec91c3256a64943984db22df78c7d8e5d823429894aafc77280bd61180	Arlib/Convexity/IsoBall.lean	snapshot-only	-
convex-body-geometry/src/Arlib/Convexity/IsoConcaveWeight.lean	7f0c81d7b5122ecd16fd7b33b11c761a8c8b4a4fd494ce10163c82b2d9a36f9e	Arlib/Convexity/IsoConcaveWeight.lean	snapshot-only	-
convex-body-geometry/src/Arlib/Convexity/IsoEnlargeContinuous.lean	7621b0cd157b01738eb9457ded13ee2c6080373cc2c06514273f1c1888158e1d	Arlib/Convexity/IsoEnlargeContinuous.lean	snapshot-only	-
convex-body-geometry/src/Arlib/Convexity/IsoEnlargeMeasurable.lean	21d0ade3bfc9858d9b7314661ea987a2c7c9896bd426dd514b7e1351240f667a	Arlib/Convexity/IsoEnlargeMeasurable.lean	snapshot-only	-
convex-body-geometry/src/Arlib/Convexity/IsoEnlargeSlack.lean	3a363b19d8bc7a83a2f4fcca3dcfc6fecb70a5f62a593a224e6308f8867fa9bb	Arlib/Convexity/IsoEnlargeSlack.lean	snapshot-only	-
convex-body-geometry/src/Arlib/Convexity/IsoIndicator.lean	be7cfa22b1d3a0a9d85e933878ae4d38004492f596efd77e9c429922a4862dcb	Arlib/Convexity/IsoIndicator.lean	snapshot-only	-
convex-body-geometry/src/Arlib/Convexity/IsoIndicatorEll.lean	2827c20f31e4c416ce204819346efe2ffc8269db6253f8938fc3502a1f7e1384	Arlib/Convexity/IsoIndicatorEll.lean	snapshot-only	-
convex-body-geometry/src/Arlib/Convexity/IsoInnerRegular.lean	f248488901be4683ca50ad58b15794ca3cff49c43259c65bdb190541236c0cff	Arlib/Convexity/IsoInnerRegular.lean	snapshot-only	-
convex-body-geometry/src/Arlib/Convexity/IsoMeasurableUncond.lean	d8f8a03026490753dcfd9da94e9fa020127cec05c8da8b3619145ddf6614d5ee	Arlib/Convexity/IsoMeasurableUncond.lean	snapshot-only	-
convex-body-geometry/src/Arlib/Convexity/IsoOpenClosed.lean	ae2600fe19bd2a380a313a5fc0760c85a0cbbe47b7de06734c32685412e828b1	Arlib/Convexity/IsoOpenClosed.lean	snapshot-only	-
convex-body-geometry/src/Arlib/Convexity/IsoWeighted.lean	d786e6da5c3435c050af6c77be96c4c1b47f487ee587e8daed6232b9eed32706	Arlib/Convexity/IsoWeighted.lean	snapshot-only	-
convex-body-geometry/src/Arlib/Convexity/Isoperimetry.lean	9d24b9d10f6a613bde85245c22b81a7cc4825976e545cb88631b399e3350f05a	Arlib/Convexity/Isoperimetry.lean	retained-core	Arlib/Convexity/Isoperimetry.lean
convex-body-geometry/src/Arlib/Convexity/KLS97.lean	b293cbb6656d125da19eeef0560d9241bf18a298aaa092d3c0f390a0489ed491	Arlib/Convexity/KLS97.lean	snapshot-only	-
convex-body-geometry/src/Arlib/Convexity/KLS97Lemma38.lean	f84777224593c4bf18f26cdabf0a0ee458866d0cf64af91b3ef0534ba53ed0e8	Arlib/Convexity/KLS97Lemma38.lean	snapshot-only	-
convex-body-geometry/src/Arlib/Convexity/KLS97Sharp.lean	b6e0917d7b1254b51f0dd03d2ef8cf25c6b7960dc12a09f8bb1cd6c234aa7074	Arlib/Convexity/KLS97Sharp.lean	retained-core	Arlib/Convexity/KLS97Sharp.lean
convex-body-geometry/src/Arlib/Convexity/Localization.lean	109c328e9c26bd4290371b835597a21efda41a2ccb59737182934cc44f1d3c35	Arlib/Convexity/Localization.lean	snapshot-only	-
convex-body-geometry/src/Arlib/Convexity/LocalizationAffine.lean	0264b1778467442c16f134d15b21773ee105417deeb9fc809f5aae2fd09071c8	Arlib/Convexity/LocalizationAffine.lean	snapshot-only	-
convex-body-geometry/src/Arlib/Convexity/LocalizationAssembly.lean	62b1e8ddd9bda4f98d26ae174e4d2fb3bddeea0617bdb6d3497190203fd24c3f	Arlib/Convexity/LocalizationAssembly.lean	snapshot-only	-
convex-body-geometry/src/Arlib/Convexity/LocalizationClosed.lean	1ec23233e9cbd747a93bb9e8056d34a8a482a6f66d5fc8a1d7fea14a9f43d729	Arlib/Convexity/LocalizationClosed.lean	snapshot-only	-
convex-body-geometry/src/Arlib/Convexity/LocalizationIndicator.lean	32f6ed7f0fa72cb0dd4c08e635715c72da95d5ea016f523b61322219c98041fa	Arlib/Convexity/LocalizationIndicator.lean	snapshot-only	-
convex-body-geometry/src/Arlib/Convexity/LocalizationLSC.lean	edaf8e7559764dce4d63dc1b1dc55efa3671f4ebbb49525864319e690130767c	Arlib/Convexity/LocalizationLSC.lean	snapshot-only	-
convex-body-geometry/src/Arlib/Convexity/LocalizationLemma.lean	271df730871592c906835be66a876244815016057d4215c999b96febb907d099	Arlib/Convexity/LocalizationLemma.lean	snapshot-only	-
convex-body-geometry/src/Arlib/Convexity/LocalizationLimit.lean	7b44e5cc5422cd6619e3f18418c0e96dbebddf808aca97bb85697f9b0cedec40	Arlib/Convexity/LocalizationLimit.lean	snapshot-only	-
convex-body-geometry/src/Arlib/Convexity/LocalizationMeasurable.lean	666bc13161f8c1f6182aae97376791a0cc3a73aa173d9973fad3e1f496c4f629	Arlib/Convexity/LocalizationMeasurable.lean	snapshot-only	-
convex-body-geometry/src/Arlib/Convexity/LocalizationNeedleInBody.lean	6e81e0a236fe4f02267c0627cb14248560f665636616dc7ba4d98c8cf9c862c7	Arlib/Convexity/LocalizationNeedleInBody.lean	snapshot-only	-
convex-body-geometry/src/Arlib/Convexity/LocalizationTransport.lean	79e5ae0692707e24d7fc53c2f535daca1f9cc7ebeacb02f3c485942c423053ec	Arlib/Convexity/LocalizationTransport.lean	snapshot-only	-
convex-body-geometry/src/Arlib/Convexity/LocalizationTransverse.lean	a68dad1db96a322a3ef64f8e554e24c7cc6243d1d1db5acb6fce23b2267a391d	Arlib/Convexity/LocalizationTransverse.lean	snapshot-only	-
convex-body-geometry/src/Arlib/Convexity/LogConcaveIso.lean	eb33297b367c9cd5720775114c57b9130ea08dfadc766cbf8570446291f89d29	Arlib/Convexity/LogConcaveIso.lean	snapshot-only	-
convex-body-geometry/src/Arlib/Convexity/LogisticIso.lean	1fb7a9a1a511f3cf324b7cbb7ee08c88b9c2386ee6a7dccea0b1f3048a308b5f	Arlib/Convexity/LogisticIso.lean	snapshot-only	-
convex-body-geometry/src/Arlib/Convexity/LovaszVempalaIso.lean	e8a7c99e43e22061353249c8d5c0be2a78b8451ff8a550e5aa75a570e4677cf7	Arlib/Convexity/LovaszVempalaIso.lean	snapshot-only	-
convex-body-geometry/src/Arlib/Convexity/LovaszVempalaIsoFalse.lean	bc695e91dcc0904c818711f7607e2ac672513d3303fedda939be74b85c9374f0	Arlib/Convexity/LovaszVempalaIsoFalse.lean	snapshot-only	-
convex-body-geometry/src/Arlib/Convexity/NeedleLimit.lean	01aad73ecfd3ddd89f595750687fe4e2d6a6f20af4ab704890315588289c4b24	Arlib/Convexity/NeedleLimit.lean	snapshot-only	-
convex-body-geometry/src/Arlib/Convexity/NeedleProfile.lean	0a87723e5d7b81677b97802f89f4bad88df9c49fca0aa5f200742ea47ed30b5d	Arlib/Convexity/NeedleProfile.lean	snapshot-only	-
convex-body-geometry/src/Arlib/Convexity/NeedleSlab.lean	eb97bc197aae7edbf4487418521c9808d74ab980faafb01be75de788aa8642ff	Arlib/Convexity/NeedleSlab.lean	snapshot-only	-
convex-body-geometry/src/Arlib/Convexity/NeedleSlabAffine.lean	c06a466c651d443e91ebe5a85367d053270fe30263c5df90e9238eba3099e755	Arlib/Convexity/NeedleSlabAffine.lean	snapshot-only	-
convex-body-geometry/src/Arlib/Convexity/NeedleSlabChain.lean	8b0f60b150aa09153d4ff99400232ed16bcd325715c49c0bd8b2f69d65033577	Arlib/Convexity/NeedleSlabChain.lean	snapshot-only	-
convex-body-geometry/src/Arlib/Convexity/OneDimIsoperimetry.lean	65c7d7c26056640e57999cbebf145620d711a46b13a7b5a220a59e38eea6006b	Arlib/Convexity/OneDimIsoperimetry.lean	snapshot-only	-
convex-body-geometry/src/Arlib/Convexity/OneDimSharp.lean	5da01f1d022ff2dd02a1f088123b8a6a36daaf6e7620167e5555cb5c6713c80d	Arlib/Convexity/OneDimSharp.lean	snapshot-only	-
convex-body-geometry/src/Arlib/Convexity/PositionalCut.lean	ba26d949d6901392b372b195ff3f5f39383cdbcf931fea81e87aeb88e29bf46b	Arlib/Convexity/PositionalCut.lean	snapshot-only	-
convex-body-geometry/src/Arlib/Convexity/PrekopaLeindler.lean	f3e3a193ba016be25759574302a519fda8db4fc9d341472b1858dfd37504eff3	Arlib/Convexity/PrekopaLeindler.lean	retained-core	Arlib/Convexity/PrekopaLeindler.lean
convex-body-geometry/src/Arlib/Convexity/PrekopaLeindlerN.lean	5b44f6e6087708efee52ac79c3174994c2a49c5f0285f7cc6008e23281e1db81	Arlib/Convexity/PrekopaLeindlerN.lean	retained-core	Arlib/Convexity/PrekopaLeindlerN.lean
convex-body-geometry/src/Arlib/Convexity/ProductLocalization.lean	fef1d5f1701aa5e529ce56c4ca15909e94b29631fbd36873470a3f64f65e9b94	Arlib/Convexity/ProductLocalization.lean	snapshot-only	-
convex-body-geometry/src/Arlib/Convexity/SharpIsoperimetry.lean	a599ba8e466c989b332681f1e9a993200e7a15bfce8275f4c8e9956366ceb4a1	Arlib/Convexity/SharpIsoperimetry.lean	snapshot-only	-
convex-body-geometry/src/Arlib/Convexity/SharpIsoperimetryConcave.lean	34554264c1ab8a7d93056d3c050b327d92e5a9922bb1b8cf0b45fba34eedd5e5	Arlib/Convexity/SharpIsoperimetryConcave.lean	snapshot-only	-
convex-body-geometry/src/Arlib/Convexity/SignedCut.lean	f79df1a2a1281e28d7e8e3d237938d176419ebbcab4c3cc650a36c53c83bdd18	Arlib/Convexity/SignedCut.lean	snapshot-only	-
convex-body-geometry/src/Arlib/Convexity/SpeedyGaussianMixing.lean	725cb568a20824ba7107af244b5a7bd5a9d27b390f17c8a5b7b0914c62213313	Arlib/Convexity/SpeedyGaussianMixing.lean	snapshot-only	-
convex-body-geometry/src/Arlib/Convexity/SpeedyGaussianTarget.lean	02469df92970080adbdd1c2f25cebe2576e53413185c9571bffeb1531432ef0f	Arlib/Convexity/SpeedyGaussianTarget.lean	snapshot-only	-
convex-body-geometry/src/Arlib/Convexity/SpeedyGaussianUncond.lean	feecd4c21e442a75b31edf17465c6678580e7bac4d8692cf538e9f9c9567a984	Arlib/Convexity/SpeedyGaussianUncond.lean	snapshot-only	-
convex-body-geometry/src/Arlib/Convexity/StepLength.lean	fce246447d1bc0eae57c6234c53d8411d938f57f5abce134dfca72ebbeb8ce62	Arlib/Convexity/StepLength.lean	migrated-community	ArlibCommunity/Convexity/StepLength.lean
convex-body-geometry/src/Arlib/Convexity/TransverseCut.lean	461b8f1802f7333ca471e0a8a55f62421f27d84389cf51529cc83edf18d0d2b1	Arlib/Convexity/TransverseCut.lean	snapshot-only	-
convex-body-geometry/src/Arlib/Convexity/UniformPowerExp.lean	916fb79452698c9801f014e4e6f9dfbb57ebbb557421a3eea1ed07f330248c5b	Arlib/Convexity/UniformPowerExp.lean	snapshot-only	-
convex-body-geometry/src/Arlib/Convexity/WeightedIsoBook.lean	e4bf8826aedcbd3c7722b6f45e069cdd4f5c14713e4b0fd140a5e043e43a0dec	Arlib/Convexity/WeightedIsoBook.lean	snapshot-only	-
coresets/src/Arlib/Approximation/Coresets/Basic.lean	214ae75dc4c83e5aff173e7abb466cdfd251a15e96dd5ab6b85a0258b68f6e9e	Arlib/Approximation/Coresets/Basic.lean	retained-core	Arlib/Approximation/Coresets/Basic.lean
coresets/src/Arlib/Approximation/Coresets/Embedding.lean	fcf14a6770ed6e28ac1ea359ddaf23aaf8109a73ec071fa63d7f8c7bc42b30e4	Arlib/Approximation/Coresets/Embedding.lean	retained-core	Arlib/Approximation/Coresets/Embedding.lean
coresets/src/Arlib/Approximation/Coresets/Linear.lean	e7907285b71ceac4d58bcbd707c462984d304de7f5ac22679ead387621a1934c	Arlib/Approximation/Coresets/Linear.lean	retained-core	Arlib/Approximation/Coresets/Linear.lean
coresets/src/Arlib/Approximation/Coresets/RegionTree.lean	318524245cf3071d106230152c2bafb626b64b6ae5573aadd0ae4f5c2c58ec68	Arlib/Approximation/Coresets/RegionTree.lean	retained-core	Arlib/Approximation/Coresets/RegionTree.lean
coresets/src/Arlib/Approximation/Coresets/Tensor.lean	8af76464dc7cd38ceb1b70dbd9db2a3ff41f28d2cbb9cad51ec1805b217d5c79	Arlib/Approximation/Coresets/Tensor.lean	retained-core	Arlib/Approximation/Coresets/Tensor.lean
finite-markov-chains/src/Arlib/MarkovChains/Chains/BernoulliLaplace.lean	fd2f023e07d4ec415cdd195abfb7632eb2d43fb38edad1cb8dd7b45881f4f9f4	Arlib/MarkovChains/Chains/BernoulliLaplace.lean	migrated-community	ArlibCommunity/MarkovChains/Chains/BernoulliLaplace.lean
finite-markov-chains/src/Arlib/MarkovChains/Chains/BlockDynamics.lean	ce01e00730e09fce4d98a3b4ddf6ebb490602e958f5dd364e58987e67669f329	Arlib/MarkovChains/Chains/BlockDynamics.lean	migrated-community	ArlibCommunity/MarkovChains/Chains/BlockDynamics.lean
finite-markov-chains/src/Arlib/MarkovChains/Chains/Glauber.lean	b6c1ef303d9955bfdb74f3299379af10c48b8a77eedcfe68140c163a20a8b294	Arlib/MarkovChains/Chains/Glauber.lean	migrated-community	ArlibCommunity/MarkovChains/Chains/Glauber.lean
finite-markov-chains/src/Arlib/MarkovChains/Chains/GlauberTensorization.lean	146da617d40b17095795ebbb49d41d279ed2554c572556e3eb9f45ae91395936	Arlib/MarkovChains/Chains/GlauberTensorization.lean	migrated-community	ArlibCommunity/MarkovChains/Chains/GlauberTensorization.lean
finite-markov-chains/src/Arlib/MarkovChains/Chains/GlauberToSpectralIndependence.lean	9451b906b793f9f94384f2eb2fc155374b58cb287b18cd9e6f88363f19be63c7	Arlib/MarkovChains/Chains/GlauberToSpectralIndependence.lean	migrated-community	ArlibCommunity/MarkovChains/Chains/GlauberToSpectralIndependence.lean
finite-markov-chains/src/Arlib/MarkovChains/Chains/GlauberViaLevels.lean	2301e936bbab90d339021937a34eb41c14141d747a096580341a51b3329f35e6	Arlib/MarkovChains/Chains/GlauberViaLevels.lean	migrated-community	ArlibCommunity/MarkovChains/Chains/GlauberViaLevels.lean
finite-markov-chains/src/Arlib/MarkovChains/Chains/HardCore.lean	6929c635d59d4bf9936ff9aa6e76c50fd06dc230da0a5a758e79c6fea13270d3	Arlib/MarkovChains/Chains/HardCore.lean	migrated-community	ArlibCommunity/MarkovChains/Chains/HardCore.lean
finite-markov-chains/src/Arlib/MarkovChains/Chains/IndependentSampler.lean	38b3874617d7abf1ae6e0fed932f9574643fc7ca4c177dda251e308f9d67ba44	Arlib/MarkovChains/Chains/IndependentSampler.lean	migrated-community	ArlibCommunity/MarkovChains/Chains/IndependentSampler.lean
finite-markov-chains/src/Arlib/MarkovChains/Chains/LevelEncoding.lean	aee4e80b681d9097c027d37404af00dfc0f1e94daf1a9dff6e2ed22056e8c87a	Arlib/MarkovChains/Chains/LevelEncoding.lean	migrated-community	ArlibCommunity/MarkovChains/Chains/LevelEncoding.lean
finite-markov-chains/src/Arlib/MarkovChains/Chains/Metropolis.lean	0b1b11e285737652c290849dc1dea2e056501be1bce038671db21bd17b27c59d	Arlib/MarkovChains/Chains/Metropolis.lean	migrated-community	ArlibCommunity/MarkovChains/Chains/Metropolis.lean
finite-markov-chains/src/Arlib/MarkovChains/Chains/OptimalMixingTV.lean	52e2227b9484ebc6fee305c02412af8322ad067c60b6485595fc5ac7b6d7e22b	Arlib/MarkovChains/Chains/OptimalMixingTV.lean	migrated-community	ArlibCommunity/MarkovChains/Chains/OptimalMixingTV.lean
finite-markov-chains/src/Arlib/MarkovChains/Chains/PinnedGlauber.lean	a0e5b70ffa4e01c0b814414f3222a3a1a3a6c0de9e14d85f3d821f5f3d336f82	Arlib/MarkovChains/Chains/PinnedGlauber.lean	migrated-community	ArlibCommunity/MarkovChains/Chains/PinnedGlauber.lean
finite-markov-chains/src/Arlib/MarkovChains/Chains/Pinning.lean	4ec63ed9e421504ecd722ac38ca9d2b2a855b4027ee4a648fafe27e60326ff68	Arlib/MarkovChains/Chains/Pinning.lean	migrated-community	ArlibCommunity/MarkovChains/Chains/Pinning.lean
finite-markov-chains/src/Arlib/MarkovChains/Chains/ProductEntropy.lean	8ab010ef331f59feafdf690d0509a268dafe0b2630864141cf4f4cdecaced6d5	Arlib/MarkovChains/Chains/ProductEntropy.lean	migrated-community	ArlibCommunity/MarkovChains/Chains/ProductEntropy.lean
finite-markov-chains/src/Arlib/MarkovChains/Chains/ProductMeasure.lean	bf302079f708a6bea32a44bbfaead03f8c4e21bc5d01493acffe59dbdb2c5c62	Arlib/MarkovChains/Chains/ProductMeasure.lean	migrated-community	ArlibCommunity/MarkovChains/Chains/ProductMeasure.lean
finite-markov-chains/src/Arlib/MarkovChains/Chains/ProductOptimalMixing.lean	595f0dcc1a9ed7232ad7dd2a84be967afbed5c554ba7e14cb1bccf7b63ea1859	Arlib/MarkovChains/Chains/ProductOptimalMixing.lean	migrated-community	ArlibCommunity/MarkovChains/Chains/ProductOptimalMixing.lean
finite-markov-chains/src/Arlib/MarkovChains/Chains/ProductSpectralIndependence.lean	01ee63d466155f21b7b879d6f88d8068c910273c6070622892029afb7f9b375d	Arlib/MarkovChains/Chains/ProductSpectralIndependence.lean	migrated-community	ArlibCommunity/MarkovChains/Chains/ProductSpectralIndependence.lean
finite-markov-chains/src/Arlib/MarkovChains/Chains/SpectralIndependenceMixing.lean	237db0c05d5df2b78419647d4047d567faf8fa7a2907ce1daab01bc6cd2ff448	Arlib/MarkovChains/Chains/SpectralIndependenceMixing.lean	migrated-community	ArlibCommunity/MarkovChains/Chains/SpectralIndependenceMixing.lean
finite-markov-chains/src/Arlib/MarkovChains/Chains/SpectralIndependenceMixingSharp.lean	699e2ece67efc289f114129d8dbf7ec07d85f2140693c3cfe147c8f110caa3c1	Arlib/MarkovChains/Chains/SpectralIndependenceMixingSharp.lean	migrated-community	ArlibCommunity/MarkovChains/Chains/SpectralIndependenceMixingSharp.lean
finite-markov-chains/src/Arlib/MarkovChains/Chains/SpinSystem.lean	b0c2301a010a18030bf09fb2fb01fdc844de4922500e3932e13f12353197ce33	Arlib/MarkovChains/Chains/SpinSystem.lean	migrated-community	ArlibCommunity/MarkovChains/Chains/SpinSystem.lean
finite-markov-chains/src/Arlib/MarkovChains/Chains/TwoSiteSpectralIndependence.lean	57508b8e928f79589f678ceb62072e98c501e3b280a826c25904eb7591a9b4fb	Arlib/MarkovChains/Chains/TwoSiteSpectralIndependence.lean	migrated-community	ArlibCommunity/MarkovChains/Chains/TwoSiteSpectralIndependence.lean
finite-markov-chains/src/Arlib/MarkovChains/Chains/TwoState.lean	783d6a64514b47603129ea9fe8310d67a5cdce17bbe6cfbae024bde3c653558b	Arlib/MarkovChains/Chains/TwoState.lean	migrated-community	ArlibCommunity/MarkovChains/Chains/TwoState.lean
finite-markov-chains/src/Arlib/MarkovChains/Chains/UniformComplex.lean	212a60134582191d0fb001d5c65d0e17a68169a722ff05e9f4e0416946f63821	Arlib/MarkovChains/Chains/UniformComplex.lean	migrated-community	ArlibCommunity/MarkovChains/Chains/UniformComplex.lean
finite-markov-chains/src/Arlib/MarkovChains/Techniques/Adjoint.lean	e9ba2b8486114133bc7eb308ab69a708d115075274dbceb0fb91e88e8a5cc6f2	Arlib/MarkovChains/Techniques/Adjoint.lean	retained-core	Arlib/MarkovChains/Techniques/Adjoint.lean
finite-markov-chains/src/Arlib/MarkovChains/Techniques/Comparison.lean	90ed37101c0470594a59157d53b21f2ae259a56ea1a25dd853616ca816ce903b	Arlib/MarkovChains/Techniques/Comparison.lean	retained-core	Arlib/MarkovChains/Techniques/Comparison.lean
finite-markov-chains/src/Arlib/MarkovChains/Techniques/Conductance.lean	d562621e3d68724e0d9838e12450037b586051826d989a22f88aa3ae6ce5309a	Arlib/MarkovChains/Techniques/Conductance.lean	retained-core	Arlib/MarkovChains/Techniques/Conductance.lean
finite-markov-chains/src/Arlib/MarkovChains/Techniques/Dirichlet.lean	931f8c3022df18c84861d924f45cea80bdaf0a7d0cf121c7895b7b57950dbdc1	Arlib/MarkovChains/Techniques/Dirichlet.lean	retained-core	Arlib/MarkovChains/Techniques/Dirichlet.lean
finite-markov-chains/src/Arlib/MarkovChains/Techniques/Entropy.lean	be2eccbc3787affb3532372b9ac93d6e584a94e09fecacf77d3da13fe1369dff	Arlib/MarkovChains/Techniques/Entropy.lean	retained-core	Arlib/MarkovChains/Techniques/Entropy.lean
finite-markov-chains/src/Arlib/MarkovChains/Techniques/EntropyDecay.lean	dff5bc722bc3db5d2bda661e6b0cfedbae880f2afd1048ded29864a0c63be103	Arlib/MarkovChains/Techniques/EntropyDecay.lean	retained-core	Arlib/MarkovChains/Techniques/EntropyDecay.lean
finite-markov-chains/src/Arlib/MarkovChains/Techniques/EntropyMixing.lean	fdcef47d96fb96b75ee74f2898877ffbc9590a1b576460069a2cf81cc310145f	Arlib/MarkovChains/Techniques/EntropyMixing.lean	retained-core	Arlib/MarkovChains/Techniques/EntropyMixing.lean
finite-markov-chains/src/Arlib/MarkovChains/Techniques/EntropyVariational.lean	0abfe9c65232aeaeb5afd78e68f4450494a452bd48e38ebaf9af0125a43c5389	Arlib/MarkovChains/Techniques/EntropyVariational.lean	retained-core	Arlib/MarkovChains/Techniques/EntropyVariational.lean
finite-markov-chains/src/Arlib/MarkovChains/Techniques/FirstStep.lean	fae19e6fe4726c07f02fde57db6cbd9f6dfde467c27e9d6930bb489b6a5981ef	Arlib/MarkovChains/Techniques/FirstStep.lean	migrated-community	ArlibCommunity/MarkovChains/Techniques/FirstStep.lean
finite-markov-chains/src/Arlib/MarkovChains/Techniques/HittingTime.lean	d45dd28cc6d165b6325a1e24af54330838d57920793d634e6e6d428597a41ac3	Arlib/MarkovChains/Techniques/HittingTime.lean	migrated-community	ArlibCommunity/MarkovChains/Techniques/HittingTime.lean
finite-markov-chains/src/Arlib/MarkovChains/Techniques/ImprovedRandomWalk.lean	359b024c51d7ce474d3934314cd20440485112ab50939c4c2cbf7dde3dcfa7a2	Arlib/MarkovChains/Techniques/ImprovedRandomWalk.lean	migrated-community	ArlibCommunity/MarkovChains/Techniques/ImprovedRandomWalk.lean
finite-markov-chains/src/Arlib/MarkovChains/Techniques/ImprovedRandomWalkSharp.lean	1c5642ecd7dcdf79deb4a39705f829ca13ffae339a83d174790e548c6ca4bfa1	Arlib/MarkovChains/Techniques/ImprovedRandomWalkSharp.lean	migrated-community	ArlibCommunity/MarkovChains/Techniques/ImprovedRandomWalkSharp.lean
finite-markov-chains/src/Arlib/MarkovChains/Techniques/Lazy.lean	5ef1c15f81e5f677e65f9eb1fb65cd6df714f283ce9b926a1f276eeaae6483df	Arlib/MarkovChains/Techniques/Lazy.lean	retained-core	Arlib/MarkovChains/Techniques/Lazy.lean
finite-markov-chains/src/Arlib/MarkovChains/Techniques/LevelVariance.lean	de7739d9a3976da537a5a6867e5267531684f4fafbe6b9975bda18c8d2323dac	Arlib/MarkovChains/Techniques/LevelVariance.lean	migrated-community	ArlibCommunity/MarkovChains/Techniques/LevelVariance.lean
finite-markov-chains/src/Arlib/MarkovChains/Techniques/Levels.lean	fa98dcf1b01124cbf77335848464f33b789b956db91fdd4c85adffe8046fbb21	Arlib/MarkovChains/Techniques/Levels.lean	migrated-community	ArlibCommunity/MarkovChains/Techniques/Levels.lean
finite-markov-chains/src/Arlib/MarkovChains/Techniques/LinkRestriction.lean	dbedcf753f9c9df3be94878127a5a372cca66b9fa26f00e2a95636b0009bfde2	Arlib/MarkovChains/Techniques/LinkRestriction.lean	migrated-community	ArlibCommunity/MarkovChains/Techniques/LinkRestriction.lean
finite-markov-chains/src/Arlib/MarkovChains/Techniques/LocalSpectralIndependence.lean	a37a32e0b69eebaf5c381db727c3818174d6d4adefe1d355afa0fb5bb51ed23e	Arlib/MarkovChains/Techniques/LocalSpectralIndependence.lean	migrated-community	ArlibCommunity/MarkovChains/Techniques/LocalSpectralIndependence.lean
finite-markov-chains/src/Arlib/MarkovChains/Techniques/LocalToGlobal.lean	d198db9930e50040f8735f36f38c5f5e041deb7b2f08275de5ef1e0d409fe9ce	Arlib/MarkovChains/Techniques/LocalToGlobal.lean	migrated-community	ArlibCommunity/MarkovChains/Techniques/LocalToGlobal.lean
finite-markov-chains/src/Arlib/MarkovChains/Techniques/LocalWalk.lean	2ecb24f75600e9b2456da3ff79fdff77072c55e93350801dfe4aabbed18b2f4d	Arlib/MarkovChains/Techniques/LocalWalk.lean	migrated-community	ArlibCommunity/MarkovChains/Techniques/LocalWalk.lean
finite-markov-chains/src/Arlib/MarkovChains/Techniques/LocalWalkBridge.lean	340fbc03fc5797f788b2f6859f3877705b3b26900631093c4873102d07c69efc	Arlib/MarkovChains/Techniques/LocalWalkBridge.lean	migrated-community	ArlibCommunity/MarkovChains/Techniques/LocalWalkBridge.lean
finite-markov-chains/src/Arlib/MarkovChains/Techniques/MixingTime.lean	5f5a74f4cb0ba310b1c5bf85c617833c4a8015ef0b49304cd42764a1c9afd673	Arlib/MarkovChains/Techniques/MixingTime.lean	retained-core	Arlib/MarkovChains/Techniques/MixingTime.lean
finite-markov-chains/src/Arlib/MarkovChains/Techniques/Mixture.lean	13facd76ab72aa5bbeadc55536e8d69aa9e41b0c2a5c432c68e6365bd468be03	Arlib/MarkovChains/Techniques/Mixture.lean	retained-core	Arlib/MarkovChains/Techniques/Mixture.lean
finite-markov-chains/src/Arlib/MarkovChains/Techniques/MultiStep.lean	762624006748b50657eaab678151a19c2e2a2db5c3080d8b905686f71226c6cc	Arlib/MarkovChains/Techniques/MultiStep.lean	migrated-community	ArlibCommunity/MarkovChains/Techniques/MultiStep.lean
finite-markov-chains/src/Arlib/MarkovChains/Techniques/Pinsker.lean	b1ed026464472f90b3b5e9aac4951986f20c6f1995bddac3d8052b5a57a7bb0a	Arlib/MarkovChains/Techniques/Pinsker.lean	retained-core	Arlib/MarkovChains/Techniques/Pinsker.lean
finite-markov-chains/src/Arlib/MarkovChains/Techniques/PotentialDecay.lean	5f6d99345fde1493c65589f9fd56e2d537ed978c1b721c1d2b1c63892d825214	Arlib/MarkovChains/Techniques/PotentialDecay.lean	migrated-community	ArlibCommunity/MarkovChains/Techniques/PotentialDecay.lean
finite-markov-chains/src/Arlib/MarkovChains/Techniques/ProgressPath.lean	c9f02aa044c3f5da9b57800f06c194778bd2e1babe5ef53ae7df213a21ab7fee	Arlib/MarkovChains/Techniques/ProgressPath.lean	migrated-community	ArlibCommunity/MarkovChains/Techniques/ProgressPath.lean
finite-markov-chains/src/Arlib/MarkovChains/Techniques/PsdOrder.lean	fb63cf9a7e9426217e5574da7ca465ff865fcf5fbba5a88009d7fd8757133c54	Arlib/MarkovChains/Techniques/PsdOrder.lean	retained-core	Arlib/MarkovChains/Techniques/PsdOrder.lean
finite-markov-chains/src/Arlib/MarkovChains/Techniques/RankingSupermartingale.lean	a43a67f1cf4b6e21ca4844d8124cfd8fda1d7bc27cba15332ffcdd726d3fe81f	Arlib/MarkovChains/Techniques/RankingSupermartingale.lean	migrated-community	ArlibCommunity/MarkovChains/Techniques/RankingSupermartingale.lean
finite-markov-chains/src/Arlib/MarkovChains/Techniques/ReachDistance.lean	0710cc9b9df2409e989aa11552a44e13ca5238275be2865a3d8eab4a65344a7b	Arlib/MarkovChains/Techniques/ReachDistance.lean	migrated-community	ArlibCommunity/MarkovChains/Techniques/ReachDistance.lean
finite-markov-chains/src/Arlib/MarkovChains/Techniques/SinusoidalPotential.lean	6ef5d8916c05e3663d95230c4303bb9540245d0805c4e57d7d3d3dd9702ca5eb	Arlib/MarkovChains/Techniques/SinusoidalPotential.lean	migrated-community	ArlibCommunity/MarkovChains/Techniques/SinusoidalPotential.lean
finite-markov-chains/src/Arlib/MarkovChains/Techniques/SpectralGap.lean	f2866df29d237809233ab2fa1b2ab4df700a033ca9adbe0e81cb53a68b7e6e98	Arlib/MarkovChains/Techniques/SpectralGap.lean	retained-core	Arlib/MarkovChains/Techniques/SpectralGap.lean
finite-markov-chains/src/Arlib/MarkovChains/Techniques/SpectralIndependence.lean	3d35929cc3d17efd4f27da96b4b736b8b547e0a65d207b6d5f38800b21fc8710	Arlib/MarkovChains/Techniques/SpectralIndependence.lean	migrated-community	ArlibCommunity/MarkovChains/Techniques/SpectralIndependence.lean
finite-markov-chains/src/Arlib/MarkovChains/Techniques/SpectralIndependenceConverse.lean	4222277b195fd57c5c927bab3243aebb083fdb358de1e0a8a6992326f9ffdb96	Arlib/MarkovChains/Techniques/SpectralIndependenceConverse.lean	migrated-community	ArlibCommunity/MarkovChains/Techniques/SpectralIndependenceConverse.lean
finite-markov-chains/src/Arlib/MarkovChains/Techniques/TotalVariation.lean	827ffea123c9206687a5dc791c3b0b3c64cc00d35bfa8e817e80a7719b664baf	Arlib/MarkovChains/Techniques/TotalVariation.lean	retained-core	Arlib/MarkovChains/Techniques/TotalVariation.lean
finite-markov-chains/src/Arlib/MarkovChains/Techniques/Transport.lean	ef757da233ee2d9c07c88de97f2d3003cd0f2c58ae90d259e576d0cdbdf025cc	Arlib/MarkovChains/Techniques/Transport.lean	retained-core	Arlib/MarkovChains/Techniques/Transport.lean
finite-markov-chains/src/Arlib/MarkovChains/Techniques/UpDownDownUp.lean	a5b455098d182a2b044b83c564fdecdf5977a0f63be4bd44137dd8e68115efe7	Arlib/MarkovChains/Techniques/UpDownDownUp.lean	migrated-community	ArlibCommunity/MarkovChains/Techniques/UpDownDownUp.lean
gaussian-cooling/src/Arlib/Convexity/GaussianCooling/AdaptiveRestartTruncated.lean	db1afbeac417d7cda9ea2528e98d3c61809df1fd4d0d77424e4ff66d8a665cf9	Arlib/Convexity/GaussianCooling/AdaptiveRestartTruncated.lean	snapshot-only	-
gaussian-cooling/src/Arlib/Convexity/GaussianCooling/AdaptiveRestartTruncatedFour.lean	0252327c2bfac559694810c4f487aaee1f3991ae193ee253e5f44da7531f2aae	Arlib/Convexity/GaussianCooling/AdaptiveRestartTruncatedFour.lean	snapshot-only	-
gaussian-cooling/src/Arlib/Convexity/GaussianCooling/AdaptiveRestartTruncatedFourAll.lean	d1c01493482b2f8c2a0c8dca50efba12c4e022b82ec4d8689ac22a305ad22af0	Arlib/Convexity/GaussianCooling/AdaptiveRestartTruncatedFourAll.lean	snapshot-only	-
gaussian-cooling/src/Arlib/Convexity/GaussianCooling/AdaptiveRestartWarm.lean	c1d6d572885a0daa12e5245e57bd34171e301425974f7d38da006d97fa45838a	Arlib/Convexity/GaussianCooling/AdaptiveRestartWarm.lean	snapshot-only	-
gaussian-cooling/src/Arlib/Convexity/GaussianCooling/Chain.lean	2096c730411c80ba3a2836dd88edb93b780b598dbc2746148ce8f7422426340f	Arlib/Convexity/GaussianCooling/Chain.lean	snapshot-only	-
gaussian-cooling/src/Arlib/Convexity/GaussianCooling/ChunkedSchedule.lean	d02bffeafe932dc4621e3827bf7d2b886f621633363fcadc61aea4b01233b9ba	Arlib/Convexity/GaussianCooling/ChunkedSchedule.lean	snapshot-only	-
gaussian-cooling/src/Arlib/Convexity/GaussianCooling/ChunkedVarBudget.lean	290353dc4f20e3a09314889f31a7ac4115b5acae808d67dc2226ecac6e307bd5	Arlib/Convexity/GaussianCooling/ChunkedVarBudget.lean	snapshot-only	-
gaussian-cooling/src/Arlib/Convexity/GaussianCooling/ChunkedVarianceUnconditional.lean	ce336ccc94917fac56ffc1ad9da6a629988c9563915fe4eabe058a20051fa29f	Arlib/Convexity/GaussianCooling/ChunkedVarianceUnconditional.lean	snapshot-only	-
gaussian-cooling/src/Arlib/Convexity/GaussianCooling/ColdBallStart.lean	f4781a380f0cea21d14e2095e7e048611be79a02ed66be9e5c3006833d5b0881	Arlib/Convexity/GaussianCooling/ColdBallStart.lean	snapshot-only	-
gaussian-cooling/src/Arlib/Convexity/GaussianCooling/ColdStart.lean	f7f7d421916f3ff7f4e5f6bff6efc7a92ba1b1ff44059a05bf042cc83962ec60	Arlib/Convexity/GaussianCooling/ColdStart.lean	snapshot-only	-
gaussian-cooling/src/Arlib/Convexity/GaussianCooling/ColdWarmStart.lean	a49930fe4579fdb1978e21e11051fadeba816d5e8e9aa08de64c427f76c61221	Arlib/Convexity/GaussianCooling/ColdWarmStart.lean	snapshot-only	-
gaussian-cooling/src/Arlib/Convexity/GaussianCooling/CouplingRoute.lean	7e766d4d2568b7e2a4df4b014c2827bf1f3d1551698135fa0b0087e9edf14e2b	Arlib/Convexity/GaussianCooling/CouplingRoute.lean	snapshot-only	-
gaussian-cooling/src/Arlib/Convexity/GaussianCooling/CouplingRoutePacked.lean	32eb30ee0c786b60a6c9e6ef568523bb01231f8c5d4ea772ef8267e49589f636	Arlib/Convexity/GaussianCooling/CouplingRoutePacked.lean	snapshot-only	-
gaussian-cooling/src/Arlib/Convexity/GaussianCooling/CouplingRouteUncond.lean	e94503bafbb6a028f3d060f5d4c07ff3bc8a367e044d9f1c610a21577630202e	Arlib/Convexity/GaussianCooling/CouplingRouteUncond.lean	snapshot-only	-
gaussian-cooling/src/Arlib/Convexity/GaussianCooling/Estimator.lean	cfdcf32c404cd82eb80d04f9f6ec1b1ecc0cd4a26c64e75efd5bec242c48ddf0	Arlib/Convexity/GaussianCooling/Estimator.lean	migrated-community	ArlibCommunity/Convexity/GaussianCooling/Estimator.lean
gaussian-cooling/src/Arlib/Convexity/GaussianCooling/GeneralRate.lean	ceccfdb4ffee6d4eeebc9f4384950f1b3fe86eabff44cceb6c8b32d904bbe034	Arlib/Convexity/GaussianCooling/GeneralRate.lean	snapshot-only	-
gaussian-cooling/src/Arlib/Convexity/GaussianCooling/IndicatorVariance.lean	16df7c8287ab0b2ec5f9f42cfbd7f60504677a78705221418259238d686c2ab2	Arlib/Convexity/GaussianCooling/IndicatorVariance.lean	snapshot-only	-
gaussian-cooling/src/Arlib/Convexity/GaussianCooling/InteriorBridge.lean	724b5b51aa657f2528c4e894b3ee40ba72fcff5cdb67702d35ff91a928e65255	Arlib/Convexity/GaussianCooling/InteriorBridge.lean	snapshot-only	-
gaussian-cooling/src/Arlib/Convexity/GaussianCooling/LogConcaveProfileVariance.lean	f15dcb764089fb59f1973d792342567ef9c954570cad533be49470b723909e0f	Arlib/Convexity/GaussianCooling/LogConcaveProfileVariance.lean	snapshot-only	-
gaussian-cooling/src/Arlib/Convexity/GaussianCooling/PhaseFromTV.lean	5c017beb62aa3f0ffdc4da887ec395b7301768690e30ca98090903b7b62b6544	Arlib/Convexity/GaussianCooling/PhaseFromTV.lean	snapshot-only	-
gaussian-cooling/src/Arlib/Convexity/GaussianCooling/PhaseFromTVGeneral.lean	8ddd0c38dafd70068a18483e0ca24b6a3a0e1e3d686c3c180fd2f2cd76b6046b	Arlib/Convexity/GaussianCooling/PhaseFromTVGeneral.lean	snapshot-only	-
gaussian-cooling/src/Arlib/Convexity/GaussianCooling/PhaseInduction.lean	38d45db51493d3a428c0a96eae277b52649a29fb9fe2cb57c690a62bc461831b	Arlib/Convexity/GaussianCooling/PhaseInduction.lean	snapshot-only	-
gaussian-cooling/src/Arlib/Convexity/GaussianCooling/PhaseMean.lean	b48277280f7bf89a81a0583775012914ab2e8f6919a3e85a11cb51df22c58be3	Arlib/Convexity/GaussianCooling/PhaseMean.lean	snapshot-only	-
gaussian-cooling/src/Arlib/Convexity/GaussianCooling/PhaseMeanApprox.lean	5ec1b4e9a6805a59ea11a41ac5406f9048e425ea007fc7ff00c084a83c60e9a7	Arlib/Convexity/GaussianCooling/PhaseMeanApprox.lean	snapshot-only	-
gaussian-cooling/src/Arlib/Convexity/GaussianCooling/PhaseMeanRoute.lean	b858c9e068dcd1dfdd75a2dd15caad4f464784b89fe6b4fd461197c49faa3db4	Arlib/Convexity/GaussianCooling/PhaseMeanRoute.lean	snapshot-only	-
gaussian-cooling/src/Arlib/Convexity/GaussianCooling/PhaseSamplerTV.lean	7d73bda9738d5cdea9500e5724588b2786fb8ffa04fdd78dd42fdc401cde65be	Arlib/Convexity/GaussianCooling/PhaseSamplerTV.lean	snapshot-only	-
gaussian-cooling/src/Arlib/Convexity/GaussianCooling/PhaseSamplerTVTruncated.lean	6b5d51bcdc413cfa4ea78e082330ab94fbee78f33262c5d5f7d01c8b5d9789e6	Arlib/Convexity/GaussianCooling/PhaseSamplerTVTruncated.lean	snapshot-only	-
gaussian-cooling/src/Arlib/Convexity/GaussianCooling/PhaseSamplerTVTruncatedRelative.lean	d47650400ab32b9cc5e06e7283f50f7468bf94ae168c685afdd766e6f8a65f92	Arlib/Convexity/GaussianCooling/PhaseSamplerTVTruncatedRelative.lean	snapshot-only	-
gaussian-cooling/src/Arlib/Convexity/GaussianCooling/PhaseSchedule.lean	d110d6d13d7cc9159d764d70f465e549df67129d65f8bdc1888a0db17baceafb	Arlib/Convexity/GaussianCooling/PhaseSchedule.lean	snapshot-only	-
gaussian-cooling/src/Arlib/Convexity/GaussianCooling/PhaseVar.lean	86942fcaeb9eeda8415672c6b65617f2259a58b555db1be6e94633a782cfaaee	Arlib/Convexity/GaussianCooling/PhaseVar.lean	snapshot-only	-
gaussian-cooling/src/Arlib/Convexity/GaussianCooling/ScaledRawWarm.lean	80791371caecfb1753c175882dd7b6e06eb66d1bb3082fe7680cc4a23526355c	Arlib/Convexity/GaussianCooling/ScaledRawWarm.lean	snapshot-only	-
gaussian-cooling/src/Arlib/Convexity/GaussianCooling/Schedule.lean	e562da221232a5729b64653ce0e706ad80a62603fd5c5ed00c506c3000c650ef	Arlib/Convexity/GaussianCooling/Schedule.lean	snapshot-only	-
gaussian-cooling/src/Arlib/Convexity/GaussianCooling/TerminalMoment.lean	11832ffde1fc07ed4f73d7d1eae4f06635220d33f9a967652238523e2ea192b4	Arlib/Convexity/GaussianCooling/TerminalMoment.lean	snapshot-only	-
gaussian-cooling/src/Arlib/Convexity/GaussianCooling/TerminalPhase.lean	7ef8a425e4407026630333f2b394d549187d2771eec19f926f6cd1b230847f51	Arlib/Convexity/GaussianCooling/TerminalPhase.lean	snapshot-only	-
gaussian-cooling/src/Arlib/Convexity/GaussianCooling/Unblock.lean	56aac53debd1d66ac70066714255e5398143fb237e79aebde32f35bf46f05deb	Arlib/Convexity/GaussianCooling/Unblock.lean	snapshot-only	-
gaussian-cooling/src/Arlib/Convexity/GaussianCooling/Variance.lean	a2cbd92800ddedc4b10357961bbf223b131bee0f5c078927a09d0f8a7cb18050	Arlib/Convexity/GaussianCooling/Variance.lean	snapshot-only	-
gaussian-cooling/src/Arlib/Convexity/GaussianCooling/WarmChain.lean	d65cc3fe6d592292e12ada161f384cd4dd88b07068ba674a866444feb03b384d	Arlib/Convexity/GaussianCooling/WarmChain.lean	snapshot-only	-
gaussian-cooling/src/Arlib/Convexity/GaussianCooling/WarmSpeedy.lean	737e907ccad83431dba0ad1b8e3cea90614744c1b05115850439c52d23e2760d	Arlib/Convexity/GaussianCooling/WarmSpeedy.lean	snapshot-only	-
gaussian-cooling/src/Arlib/Convexity/GaussianCooling/WarmTransportExperiment.lean	3a4608abf896bf4beeed2fa17df699fe48e2fc853637c4867d860ca17ef992e6	Arlib/Convexity/GaussianCooling/WarmTransportExperiment.lean	snapshot-only	-
gaussian-cooling/src/Arlib/Convexity/GaussianCooling/ZLogconcave.lean	f5471a418567e614acd6c55029759403c4d1a09f2870f2402602719c5bf985c2	Arlib/Convexity/GaussianCooling/ZLogconcave.lean	snapshot-only	-
information-lower-bounds/src/Arlib/InformationTheory/ChainRule.lean	667dea672eb44ad7bb77939da906a303be81a3f95162e353878a8eb06c88a59a	Arlib/InformationTheory/ChainRule.lean	retained-core	Arlib/InformationTheory/ChainRule.lean
information-lower-bounds/src/Arlib/InformationTheory/CondVariational.lean	37c8c5c153160c40c19e00270b9e02b99cc1ddad2a9d8031be4b5519efd47e66	Arlib/InformationTheory/CondVariational.lean	retained-core	Arlib/InformationTheory/CondVariational.lean
information-lower-bounds/src/Arlib/InformationTheory/DataProcessing.lean	f887dc2ec2397b16c417838bd5a913f95a114572f64a682dfc2873c838d1b290	Arlib/InformationTheory/DataProcessing.lean	retained-core	Arlib/InformationTheory/DataProcessing.lean
information-lower-bounds/src/Arlib/InformationTheory/Fano.lean	3e81363f51b03e22bfc85ecec458b5f23a0e4711015156cca39a12a95d4e7001	Arlib/InformationTheory/Fano.lean	retained-core	Arlib/InformationTheory/Fano.lean
information-lower-bounds/src/Arlib/InformationTheory/QueryLowerBound.lean	9aa1ce3f4a489de39a2fe62631b53f5dea41d77c1daf45a66224ab23326a28bf	Arlib/InformationTheory/QueryLowerBound.lean	migrated-community	ArlibCommunity/InformationTheory/QueryLowerBound.lean
information-lower-bounds/src/Arlib/InformationTheory/Refinement.lean	4baa86d7895eaa5f15f9d9c23ad88fb95f5a9c0cc71f49461b4814c6660b6655	Arlib/InformationTheory/Refinement.lean	retained-core	Arlib/InformationTheory/Refinement.lean
information-lower-bounds/src/Arlib/InformationTheory/Relabel.lean	c38d2c50b8e8a0fdb9ef9637ceb4a79cb5922455a50a018d8cfef28fadae1384	Arlib/InformationTheory/Relabel.lean	retained-core	Arlib/InformationTheory/Relabel.lean
information-lower-bounds/src/Arlib/InformationTheory/Submodular.lean	528133561cce1441947af6c3a93584568e878f292f793fa29a38f964bfc2f352	Arlib/InformationTheory/Submodular.lean	retained-core	Arlib/InformationTheory/Submodular.lean
information-lower-bounds/src/Arlib/InformationTheory/SupportBound.lean	4e86c44a1526c0055b1a92c8b413057b2b6d9681cceb305c1cd37fdb02b841bf	Arlib/InformationTheory/SupportBound.lean	retained-core	Arlib/InformationTheory/SupportBound.lean
information-lower-bounds/src/Arlib/InformationTheory/Variational.lean	1ec0fd86bd2c27a6a84c8daaad4990d0cc6ed6039a91fb3b2c2f76ce17316f1d	Arlib/InformationTheory/Variational.lean	retained-core	Arlib/InformationTheory/Variational.lean
information-lower-bounds/src/Arlib/InformationTheory/VariationalExceptional.lean	6e06fd30e621e62568385167e37d2d7d1fd8d6029a6c17d065847358379236b3	Arlib/InformationTheory/VariationalExceptional.lean	retained-core	Arlib/InformationTheory/VariationalExceptional.lean
knowledge-compilation/src/Arlib/KnowledgeCompilation/BranchingPrograms/Asymptotics.lean	76ca23b76a241090184b5005b4f5fb1bc17a7336099cededc2c61010fbd0a494	Arlib/KnowledgeCompilation/BranchingPrograms/Asymptotics.lean	migrated-community	ArlibCommunity/KnowledgeCompilation/BranchingPrograms/Asymptotics.lean
knowledge-compilation/src/Arlib/KnowledgeCompilation/BranchingPrograms/Basic.lean	6f9488b2b89a16b8fbc2e9145103b01967c3d13e86d4d103030eb2801fbaf5be	Arlib/KnowledgeCompilation/BranchingPrograms/Basic.lean	migrated-community	ArlibCommunity/KnowledgeCompilation/BranchingPrograms/Basic.lean
knowledge-compilation/src/Arlib/KnowledgeCompilation/BranchingPrograms/Covering.lean	86b9da8dc8cd36277f41ac8216eb2384ebb67ee9c480a23c8de887b7be551214	Arlib/KnowledgeCompilation/BranchingPrograms/Covering.lean	migrated-community	ArlibCommunity/KnowledgeCompilation/BranchingPrograms/Covering.lean
knowledge-compilation/src/Arlib/KnowledgeCompilation/BranchingPrograms/DecisionDNNF.lean	f6362dc93e236453219f3167d6c7c661c7d3af0288962d4715de18ec4e622a1c	Arlib/KnowledgeCompilation/BranchingPrograms/DecisionDNNF.lean	migrated-community	ArlibCommunity/KnowledgeCompilation/BranchingPrograms/DecisionDNNF.lean
knowledge-compilation/src/Arlib/KnowledgeCompilation/BranchingPrograms/DecisionDNNFCompile.lean	7671ac577af9bfc0ed92142446836e46189a5a54ed2f002185b77d1a06984af4	Arlib/KnowledgeCompilation/BranchingPrograms/DecisionDNNFCompile.lean	migrated-community	ArlibCommunity/KnowledgeCompilation/BranchingPrograms/DecisionDNNFCompile.lean
knowledge-compilation/src/Arlib/KnowledgeCompilation/BranchingPrograms/Equivalence.lean	3eb45355fd207b2ed015fb612cb3388a39c3c05891acc9c67cc9bff2e65d318b	Arlib/KnowledgeCompilation/BranchingPrograms/Equivalence.lean	migrated-community	ArlibCommunity/KnowledgeCompilation/BranchingPrograms/Equivalence.lean
knowledge-compilation/src/Arlib/KnowledgeCompilation/BranchingPrograms/NROBP.lean	0498999af91949c929ed8d87da78d524e19265f186172f0090c741723c99b010	Arlib/KnowledgeCompilation/BranchingPrograms/NROBP.lean	migrated-community	ArlibCommunity/KnowledgeCompilation/BranchingPrograms/NROBP.lean
knowledge-compilation/src/Arlib/KnowledgeCompilation/BranchingPrograms/OztokDarwicheBundle.lean	8842c9310eb3f253bf19aef97a07a8567382b8d333bfbd1368da496a2050a604	Arlib/KnowledgeCompilation/BranchingPrograms/OztokDarwicheBundle.lean	migrated-community	ArlibCommunity/KnowledgeCompilation/BranchingPrograms/OztokDarwicheBundle.lean
knowledge-compilation/src/Arlib/KnowledgeCompilation/BranchingPrograms/Separation.lean	61d476436ffc015a28f49ccedf50fb092c6f6b9c05c3c5ace2a6b3836f16e83a	Arlib/KnowledgeCompilation/BranchingPrograms/Separation.lean	migrated-community	ArlibCommunity/KnowledgeCompilation/BranchingPrograms/Separation.lean
knowledge-compilation/src/Arlib/KnowledgeCompilation/BranchingPrograms/TreeProduct.lean	339ed595a4609547a7ffddf4bf4ac1c89f0d135b3b9542225ea17cd8bb3eb6de	Arlib/KnowledgeCompilation/BranchingPrograms/TreeProduct.lean	migrated-community	ArlibCommunity/KnowledgeCompilation/BranchingPrograms/TreeProduct.lean
knowledge-compilation/src/Arlib/KnowledgeCompilation/BranchingPrograms/Uniformize.lean	33750cb29b3780c5118cfb49b535c7245ae3395a17578723da788faa9a457b4f	Arlib/KnowledgeCompilation/BranchingPrograms/Uniformize.lean	migrated-community	ArlibCommunity/KnowledgeCompilation/BranchingPrograms/Uniformize.lean
knowledge-compilation/src/Arlib/KnowledgeCompilation/Circuits/DNFMap.lean	1f8a8ef3565492e76726893afab74ca469a91bc401a21121187e01654057e70a	Arlib/KnowledgeCompilation/Circuits/DNFMap.lean	migrated-community	ArlibCommunity/KnowledgeCompilation/Circuits/DNFMap.lean
knowledge-compilation/src/Arlib/KnowledgeCompilation/Circuits/DNFMux.lean	3120646eaba61b3b6d595cac7f93606b7b7e7e74c2dcce637e30f454557bf179	Arlib/KnowledgeCompilation/Circuits/DNFMux.lean	migrated-community	ArlibCommunity/KnowledgeCompilation/Circuits/DNFMux.lean
knowledge-compilation/src/Arlib/KnowledgeCompilation/Circuits/DNFSubst.lean	40ec466bcd1feb1efc86dd9a186bb31bd5b382388041d73205d757fdcb8000f1	Arlib/KnowledgeCompilation/Circuits/DNFSubst.lean	migrated-community	ArlibCommunity/KnowledgeCompilation/Circuits/DNFSubst.lean
knowledge-compilation/src/Arlib/KnowledgeCompilation/Circuits/DNFtoCircuit.lean	b1607c1c33593464a9c2b0804566559b11f1cfcd352f7665b6874c5378e61a1a	Arlib/KnowledgeCompilation/Circuits/DNFtoCircuit.lean	migrated-community	ArlibCommunity/KnowledgeCompilation/Circuits/DNFtoCircuit.lean
knowledge-compilation/src/Arlib/KnowledgeCompilation/Circuits/Figure1.lean	cea5be7a7715d982fc31067f21dff0b154ec7bace12e1e76304cd561c2849b28	Arlib/KnowledgeCompilation/Circuits/Figure1.lean	migrated-community	ArlibCommunity/KnowledgeCompilation/Circuits/Figure1.lean
knowledge-compilation/src/Arlib/KnowledgeCompilation/Forgetting.lean	6f1b840ef2f5b15369da32e5d6e02661e1b8150954bcbc132dd8cf0b7668d5c3	Arlib/KnowledgeCompilation/Forgetting.lean	migrated-community	ArlibCommunity/KnowledgeCompilation/Forgetting.lean
knowledge-compilation/src/Arlib/KnowledgeCompilation/Forgetting/Basic.lean	686124137a9ee356bcc14b91d5ed194f7203f184cc765f1ce6e553c33dc9f4e3	Arlib/KnowledgeCompilation/Forgetting/Basic.lean	migrated-community	ArlibCommunity/KnowledgeCompilation/Forgetting/Basic.lean
knowledge-compilation/src/Arlib/KnowledgeCompilation/Forgetting/MinDegree.lean	b77f9d9951a880e4efc10c892672bd4bf30702843ebf688064f8baafd74d0f94	Arlib/KnowledgeCompilation/Forgetting/MinDegree.lean	migrated-community	ArlibCommunity/KnowledgeCompilation/Forgetting/MinDegree.lean
knowledge-compilation/src/Arlib/KnowledgeCompilation/Forgetting/Separation.lean	f3cb1d320b37fdaa20356823be1473d25ea235a27b78b2a8b1b7789acaff8f11	Arlib/KnowledgeCompilation/Forgetting/Separation.lean	migrated-community	ArlibCommunity/KnowledgeCompilation/Forgetting/Separation.lean
knowledge-compilation/src/Arlib/KnowledgeCompilation/Forgetting/Treewidth.lean	57eaa7380c13dcf2d3ba5d502c81441ca0b4a0c9a134463a3e98b00d567ea988	Arlib/KnowledgeCompilation/Forgetting/Treewidth.lean	migrated-community	ArlibCommunity/KnowledgeCompilation/Forgetting/Treewidth.lean
knowledge-compilation/src/Arlib/KnowledgeCompilation/LowerBounds/AffinePerms.lean	47e3b896641a3eb0851dd2d1edab2baa344d75bc49756eece27d92e0fa69c5ee	Arlib/KnowledgeCompilation/LowerBounds/AffinePerms.lean	migrated-community	ArlibCommunity/KnowledgeCompilation/LowerBounds/AffinePerms.lean
knowledge-compilation/src/Arlib/KnowledgeCompilation/LowerBounds/Arithmetic.lean	604fa316c612b8575c3602d83cca297a46d8bae86b27a19b06426dab5740c466	Arlib/KnowledgeCompilation/LowerBounds/Arithmetic.lean	migrated-community	ArlibCommunity/KnowledgeCompilation/LowerBounds/Arithmetic.lean
knowledge-compilation/src/Arlib/KnowledgeCompilation/LowerBounds/BalancedCut.lean	0126a38d8b9fcb08b07cd9fd80e570596ba482544a19d9f18c21678390255f95	Arlib/KnowledgeCompilation/LowerBounds/BalancedCut.lean	migrated-community	ArlibCommunity/KnowledgeCompilation/LowerBounds/BalancedCut.lean
knowledge-compilation/src/Arlib/KnowledgeCompilation/LowerBounds/ClaimPerm.lean	cec04420c63c0f83dd566da0c590c66cb651d8c55c87197441f1a78b47558009	Arlib/KnowledgeCompilation/LowerBounds/ClaimPerm.lean	migrated-community	ArlibCommunity/KnowledgeCompilation/LowerBounds/ClaimPerm.lean
knowledge-compilation/src/Arlib/KnowledgeCompilation/LowerBounds/ConicalJunta.lean	15c1405c484d4b94c8f759c14224fed8ea2ea55284a8f82a2754071ebcb75ade	Arlib/KnowledgeCompilation/LowerBounds/ConicalJunta.lean	migrated-community	ArlibCommunity/KnowledgeCompilation/LowerBounds/ConicalJunta.lean
knowledge-compilation/src/Arlib/KnowledgeCompilation/LowerBounds/Copies.lean	4adff62f66fa0b74b3a76c0b216f9c0ca89a15497e9bd3007c7166b1690613bf	Arlib/KnowledgeCompilation/LowerBounds/Copies.lean	migrated-community	ArlibCommunity/KnowledgeCompilation/LowerBounds/Copies.lean
knowledge-compilation/src/Arlib/KnowledgeCompilation/LowerBounds/Imported.lean	7b7af55002746c6811f2c521fedc8d247a5906f7f78d4a7db602f55c3fdd186f	Arlib/KnowledgeCompilation/LowerBounds/Imported.lean	migrated-community	ArlibCommunity/KnowledgeCompilation/LowerBounds/Imported.lean
knowledge-compilation/src/Arlib/KnowledgeCompilation/LowerBounds/Instance.lean	2d3166ff0a04d66ecc1cb6463cec681ed8f344f28bacbc161c4327a0baeb9f40	Arlib/KnowledgeCompilation/LowerBounds/Instance.lean	migrated-community	ArlibCommunity/KnowledgeCompilation/LowerBounds/Instance.lean
knowledge-compilation/src/Arlib/KnowledgeCompilation/LowerBounds/Lifting.lean	f35d255269b7ecc64716a2e2c0e2e242bbfd66a8ab6885687e5a4c3ec88d06b8	Arlib/KnowledgeCompilation/LowerBounds/Lifting.lean	migrated-community	ArlibCommunity/KnowledgeCompilation/LowerBounds/Lifting.lean
knowledge-compilation/src/Arlib/KnowledgeCompilation/LowerBounds/Pullback.lean	eb9b5b3a80a9fb179afdc0158892db39427750a616c491ab900cf0d722bc3709	Arlib/KnowledgeCompilation/LowerBounds/Pullback.lean	migrated-community	ArlibCommunity/KnowledgeCompilation/LowerBounds/Pullback.lean
knowledge-compilation/src/Arlib/KnowledgeCompilation/LowerBounds/RectangleLemma.lean	3dcb944f39fe368a28b92b414339f238319f018091e5f38e217c17de967df24c	Arlib/KnowledgeCompilation/LowerBounds/RectangleLemma.lean	migrated-community	ArlibCommunity/KnowledgeCompilation/LowerBounds/RectangleLemma.lean
knowledge-compilation/src/Arlib/KnowledgeCompilation/LowerBounds/Separation.lean	7797030337ae52f8fa395973b396b9ff316c77b4c7e565f16128fec31a64aa13	Arlib/KnowledgeCompilation/LowerBounds/Separation.lean	migrated-community	ArlibCommunity/KnowledgeCompilation/LowerBounds/Separation.lean
knowledge-compilation/src/Arlib/KnowledgeCompilation/LowerBounds/Union.lean	603259a8d95602b73d789dfce97a85108774740e50256b748368e59a31bdbbae	Arlib/KnowledgeCompilation/LowerBounds/Union.lean	migrated-community	ArlibCommunity/KnowledgeCompilation/LowerBounds/Union.lean
knowledge-compilation/src/Arlib/KnowledgeCompilation/LowerBounds/UnionDerived.lean	5008be5b015e5ec70868f194d387969088ea2d5ef9e33603c1b73d239bfcda6a	Arlib/KnowledgeCompilation/LowerBounds/UnionDerived.lean	migrated-community	ArlibCommunity/KnowledgeCompilation/LowerBounds/UnionDerived.lean
knowledge-compilation/src/Arlib/KnowledgeCompilation/Probabilistic.lean	108c59a8df4c8a97b6c0496a33d842fd80197e7242e2db2d797aa4567d7f528e	Arlib/KnowledgeCompilation/Probabilistic.lean	migrated-community	ArlibCommunity/KnowledgeCompilation/Probabilistic.lean
knowledge-compilation/src/Arlib/KnowledgeCompilation/Tseitin.lean	257cbd7e6645be3c9f6461d65c3ccc3c0717d758fd6668eb049cc08b7890c17a	Arlib/KnowledgeCompilation/Tseitin.lean	migrated-community	ArlibCommunity/KnowledgeCompilation/Tseitin.lean
knowledge-compilation/src/Arlib/KnowledgeCompilation/Tseitin/Basic.lean	5a39ed4f25a0d5f9ae2479d1eea3c74fa59010986c224ef379f2c8f89a8130ad	Arlib/KnowledgeCompilation/Tseitin/Basic.lean	migrated-community	ArlibCommunity/KnowledgeCompilation/Tseitin/Basic.lean
knowledge-compilation/src/Arlib/KnowledgeCompilation/Tseitin/Branchwidth.lean	346d8597b8adf058d026a22983395cecbb20f90890efbd49960a7177769b8365	Arlib/KnowledgeCompilation/Tseitin/Branchwidth.lean	migrated-community	ArlibCommunity/KnowledgeCompilation/Tseitin/Branchwidth.lean
knowledge-compilation/src/Arlib/KnowledgeCompilation/Tseitin/DNNFLowerBound.lean	1aee2f76a211e7ca83b00993b390e4d1412b594e66e110ee3a4879f1778c53f9	Arlib/KnowledgeCompilation/Tseitin/DNNFLowerBound.lean	migrated-community	ArlibCommunity/KnowledgeCompilation/Tseitin/DNNFLowerBound.lean
knowledge-compilation/src/Arlib/KnowledgeCompilation/Tseitin/Main.lean	0c09312c9b2aefc232725759e3fe12e2faab759c87e346752fe6f52626caa534	Arlib/KnowledgeCompilation/Tseitin/Main.lean	migrated-community	ArlibCommunity/KnowledgeCompilation/Tseitin/Main.lean
knowledge-compilation/src/Arlib/KnowledgeCompilation/Tseitin/RectangleGame.lean	81430792f2a1e6fac15579cd871a0267e15298e6e800e18f860d9fd30c755228	Arlib/KnowledgeCompilation/Tseitin/RectangleGame.lean	migrated-community	ArlibCommunity/KnowledgeCompilation/Tseitin/RectangleGame.lean
knowledge-compilation/src/Arlib/KnowledgeCompilation/Tseitin/Regular.lean	eec138ba36b9105ba68edde46d391208c4b1655b0259ca7303a2dfa699afc9ce	Arlib/KnowledgeCompilation/Tseitin/Regular.lean	migrated-community	ArlibCommunity/KnowledgeCompilation/Tseitin/Regular.lean
knowledge-compilation/src/Arlib/KnowledgeCompilation/Tseitin/Search.lean	83a10d2e6f0eab66593e118a22c542dcc53bda050b4b592e581e80adc04a2311	Arlib/KnowledgeCompilation/Tseitin/Search.lean	migrated-community	ArlibCommunity/KnowledgeCompilation/Tseitin/Search.lean
knowledge-compilation/src/Arlib/KnowledgeCompilation/Tseitin/Splitting.lean	bc46c3515fbef945e2de7ba702b7acf083340e5fba3efbd4fb7cb27ffaaf1f97	Arlib/KnowledgeCompilation/Tseitin/Splitting.lean	migrated-community	ArlibCommunity/KnowledgeCompilation/Tseitin/Splitting.lean
knowledge-compilation/src/Arlib/KnowledgeCompilation/Tseitin/ThreeConnected.lean	24011bab6da31503bd3c16ed236ef6b189c8a384b0cb5807666553a1e368b97e	Arlib/KnowledgeCompilation/Tseitin/ThreeConnected.lean	migrated-community	ArlibCommunity/KnowledgeCompilation/Tseitin/ThreeConnected.lean
knowledge-compilation/src/Arlib/KnowledgeCompilation/Tseitin/UnsatToSat.lean	5319e1b0e51a8c5806431baa66526702b53fc9d28effe15f145225b07da6f6a9	Arlib/KnowledgeCompilation/Tseitin/UnsatToSat.lean	migrated-community	ArlibCommunity/KnowledgeCompilation/Tseitin/UnsatToSat.lean
lattice-rounding/src/Arlib/Lattice/KV97/Corollary.lean	def9b8ef93dd4da85443d2aa00e0f9907edc02db71352b4922be94851ae35fa2	Arlib/Lattice/KV97/Corollary.lean	snapshot-only	-
lattice-rounding/src/Arlib/Lattice/KV97/Escape.lean	4949871eeb56999b868b3ec78f2c765fc6eb11b6a90cd15b7852d54b6bc0eb08	Arlib/Lattice/KV97/Escape.lean	migrated-community	ArlibCommunity/Lattice/KV97/Escape.lean
lattice-rounding/src/Arlib/Lattice/KV97/Inflate.lean	fa2b4b36cf5288dc860ad15062eb926b0796bdf4bc0f6dc4937ae3147d9cdd4d	Arlib/Lattice/KV97/Inflate.lean	migrated-community	ArlibCommunity/Lattice/KV97/Inflate.lean
lattice-rounding/src/Arlib/Lattice/KV97/InflateGeom.lean	6c95068efcd14b37b1b37b3e1807113b299c2929fbafe516e1cc990c06c3885d	Arlib/Lattice/KV97/InflateGeom.lean	snapshot-only	-
lattice-rounding/src/Arlib/Lattice/KV97/Lemma1.lean	d1b1db129e9b380e037a4ff4283e8127f846f0dae10be4a2f4512bcef71e2877	Arlib/Lattice/KV97/Lemma1.lean	snapshot-only	-
lattice-rounding/src/Arlib/Lattice/KV97/Theorem2.lean	6bfea849e54a530647a515255e02ae9b82febbb45e904a3629fe0df2cd4bc599	Arlib/Lattice/KV97/Theorem2.lean	migrated-community	ArlibCommunity/Lattice/KV97/Theorem2.lean
lattice-rounding/src/Arlib/Lattice/Rounding/Coins.lean	933df11888cdd6528d0eb710ee2efec529158b5391235ef344d7431cab48c781	Arlib/Lattice/Rounding/Coins.lean	snapshot-only	-
lattice-rounding/src/Arlib/Lattice/Rounding/ContTent.lean	46fb1c29c4f7d6178923995037497267a12909cdf1bbc5d30f9b2bf9b8a694d1	Arlib/Lattice/Rounding/ContTent.lean	migrated-community	ArlibCommunity/Lattice/Rounding/ContTent.lean
lattice-rounding/src/Arlib/Lattice/Rounding/KernelIntegral.lean	227c83c8a4fdda36f4f9c6d1fc817427fbe39cd0a955323477be41ab767bd168	Arlib/Lattice/Rounding/KernelIntegral.lean	migrated-community	ArlibCommunity/Lattice/Rounding/KernelIntegral.lean
lattice-rounding/src/Arlib/Lattice/Rounding/ProdKernel.lean	b674bcef11734d021c280590e905834a4ba5bd457406ddd83db8c4fbe8d7e5a5	Arlib/Lattice/Rounding/ProdKernel.lean	migrated-community	ArlibCommunity/Lattice/Rounding/ProdKernel.lean
lattice-rounding/src/Arlib/Lattice/Rounding/RoundLaw.lean	27fcf15c790bfc00e44e14c930643c591648a771cbc0b2b90e2d0e8cbfec5542	Arlib/Lattice/Rounding/RoundLaw.lean	migrated-community	ArlibCommunity/Lattice/Rounding/RoundLaw.lean
lattice-rounding/src/Arlib/Lattice/Rounding/Tent.lean	784b569bc2f309889e5335567bb9fedf9cb83a7fa6a6919f5c8741023dc7267a	Arlib/Lattice/Rounding/Tent.lean	migrated-community	ArlibCommunity/Lattice/Rounding/Tent.lean
lewis-weights/src/Arlib/Approximation/LewisWeights/Bernstein.lean	f6d1975d833ccf9487cb465f61673d848f2323ca19a8abaa80da6a597c0e6c8a	Arlib/Approximation/LewisWeights/Bernstein.lean	migrated-community	ArlibCommunity/Approximation/LewisWeights/Bernstein.lean
lewis-weights/src/Arlib/Approximation/LewisWeights/Concentration.lean	2a70d7e201e3c3fc8f976c239bf79e4bff9c9306aa3af8e86d00f71b9f9c510b	Arlib/Approximation/LewisWeights/Concentration.lean	migrated-community	ArlibCommunity/Approximation/LewisWeights/Concentration.lean
lewis-weights/src/Arlib/Approximation/LewisWeights/Contraction.lean	5cbd1913338b7f543e91f8f6357a6ac817caec8e2b2045f10c0d02e7205760ed	Arlib/Approximation/LewisWeights/Contraction.lean	migrated-community	ArlibCommunity/Approximation/LewisWeights/Contraction.lean
lewis-weights/src/Arlib/Approximation/LewisWeights/Duality.lean	e41425ec57b3406549d89313d39b9934dae37d9279dbc1927fbdd645c9ef97ed	Arlib/Approximation/LewisWeights/Duality.lean	migrated-community	ArlibCommunity/Approximation/LewisWeights/Duality.lean
lewis-weights/src/Arlib/Approximation/LewisWeights/Embed.lean	92f4618d675c09c5e7cd76d85b2c56c3eec9c1e623c5c9b3d58e495c463346c3	Arlib/Approximation/LewisWeights/Embed.lean	migrated-community	ArlibCommunity/Approximation/LewisWeights/Embed.lean
lewis-weights/src/Arlib/Approximation/LewisWeights/EmbedAux.lean	21f5798b5fecd5d6b2804c64eec456681e600961933c40d7eb33cbc1e3cb0b55	Arlib/Approximation/LewisWeights/EmbedAux.lean	migrated-community	ArlibCommunity/Approximation/LewisWeights/EmbedAux.lean
lewis-weights/src/Arlib/Approximation/LewisWeights/Existence.lean	b5f1f2ce10aa7ab3b968ce1643ec99410590b258eba09cf81fc2fab3c080a1ba	Arlib/Approximation/LewisWeights/Existence.lean	migrated-community	ArlibCommunity/Approximation/LewisWeights/Existence.lean
lewis-weights/src/Arlib/Approximation/LewisWeights/HighProb.lean	6803b522bdd9aa2922b33f604f2352569579cdd255546029ead683fb4efacb45	Arlib/Approximation/LewisWeights/HighProb.lean	migrated-community	ArlibCommunity/Approximation/LewisWeights/HighProb.lean
lewis-weights/src/Arlib/Approximation/LewisWeights/Khintchine.lean	e3eb688c4fbee95b29f3890adcdb5bd420580965d198b789a0c78ec60c8b833d	Arlib/Approximation/LewisWeights/Khintchine.lean	migrated-community	ArlibCommunity/Approximation/LewisWeights/Khintchine.lean
lewis-weights/src/Arlib/Approximation/LewisWeights/LinAlg.lean	559616f36a7390b29f6843c6b1f4417451a9d3bc177780e930e76af0c057f767	Arlib/Approximation/LewisWeights/LinAlg.lean	migrated-community	ArlibCommunity/Approximation/LewisWeights/LinAlg.lean
lewis-weights/src/Arlib/Approximation/LewisWeights/MNet.lean	41e015fb6ab688c4e9ac41ff4c039a9ad677c58b3191aa9e84a7d0a4bdcda0b7	Arlib/Approximation/LewisWeights/MNet.lean	migrated-community	ArlibCommunity/Approximation/LewisWeights/MNet.lean
lewis-weights/src/Arlib/Approximation/LewisWeights/MomentReduct.lean	716a5919766a2fb51fdb41ed016be99f13e2d9245be5c569db11390f0551e8be	Arlib/Approximation/LewisWeights/MomentReduct.lean	migrated-community	ArlibCommunity/Approximation/LewisWeights/MomentReduct.lean
lewis-weights/src/Arlib/Approximation/LewisWeights/Net.lean	9b68c5aa39e00e2c1cc1ceda0462f594d8d5c5cd4c7d028f06702c640b8a0baa	Arlib/Approximation/LewisWeights/Net.lean	migrated-community	ArlibCommunity/Approximation/LewisWeights/Net.lean
lewis-weights/src/Arlib/Approximation/LewisWeights/Probability.lean	d9640206f1640e49c6796790a5d829190c161d125dbc1a7e5b0ee7953c359339	Arlib/Approximation/LewisWeights/Probability.lean	migrated-community	ArlibCommunity/Approximation/LewisWeights/Probability.lean
lewis-weights/src/Arlib/Approximation/LewisWeights/Projection.lean	1eee81d3a88e1b0d576e6d928948cfb2ab32845029906696b679f33d2904e186	Arlib/Approximation/LewisWeights/Projection.lean	migrated-community	ArlibCommunity/Approximation/LewisWeights/Projection.lean
lewis-weights/src/Arlib/Approximation/LewisWeights/Rademacher.lean	060b7c1b9e73baf00ba11b0b5a7250fd144391c142dfa90793e1ae5c6ac42cbd	Arlib/Approximation/LewisWeights/Rademacher.lean	migrated-community	ArlibCommunity/Approximation/LewisWeights/Rademacher.lean
lewis-weights/src/Arlib/Approximation/LewisWeights/RouteA.lean	7c2426b60e8197f36106194e2f13f34f4f1dde2b2ef4150cc72720c63dc43037	Arlib/Approximation/LewisWeights/RouteA.lean	migrated-community	ArlibCommunity/Approximation/LewisWeights/RouteA.lean
lewis-weights/src/Arlib/Approximation/LewisWeights/SampleConc.lean	de72537b16d7d5db1a95b35c47faec72a3c3cbf13262bc347492bcc6641c6cbe	Arlib/Approximation/LewisWeights/SampleConc.lean	migrated-community	ArlibCommunity/Approximation/LewisWeights/SampleConc.lean
lewis-weights/src/Arlib/Approximation/LewisWeights/Sampler.lean	58219abbc6119acbd4c4861aec4505c8fe15ffcd12086c5beaab7fb9c1a9d4a3	Arlib/Approximation/LewisWeights/Sampler.lean	migrated-community	ArlibCommunity/Approximation/LewisWeights/Sampler.lean
lewis-weights/src/Arlib/Approximation/LewisWeights/Sensitivity.lean	e8dca3d6050212787e3b335ed25db8139ba524a4a164a6986e654f2eac489756	Arlib/Approximation/LewisWeights/Sensitivity.lean	migrated-community	ArlibCommunity/Approximation/LewisWeights/Sensitivity.lean
lewis-weights/src/Arlib/Approximation/LewisWeights/SupBridge.lean	28e828c62014d97afa773b1c1c0aa2c15891b37eb7a6280af2526f242c55be34	Arlib/Approximation/LewisWeights/SupBridge.lean	migrated-community	ArlibCommunity/Approximation/LewisWeights/SupBridge.lean
lewis-weights/src/Arlib/Approximation/LewisWeights/SymmSwap.lean	f245ca590d377a7b518d57ecfa38404bda438b71e2f5b3f772fb858fb8827272	Arlib/Approximation/LewisWeights/SymmSwap.lean	migrated-community	ArlibCommunity/Approximation/LewisWeights/SymmSwap.lean
lewis-weights/src/Arlib/Approximation/LewisWeights/Symmetrize.lean	0ec77ff980f7023df5657038b4c571ea8d2504e4a4cbd46ce44cb7165948a557	Arlib/Approximation/LewisWeights/Symmetrize.lean	migrated-community	ArlibCommunity/Approximation/LewisWeights/Symmetrize.lean
lewis-weights/src/Arlib/Approximation/LewisWeights/Trace.lean	9878311454c356fb4406afe677c6a8d0d2546d996099bc87f46b4b37575b0952	Arlib/Approximation/LewisWeights/Trace.lean	migrated-community	ArlibCommunity/Approximation/LewisWeights/Trace.lean
markov-decision-processes/src/Arlib/MDP/Bellman.lean	fe06c80ab800e5b18f564f6f1de62597ac7eb4e1f36bd518b485646b8e180484	Arlib/MDP/Bellman.lean	migrated-community	ArlibCommunity/MDP/Bellman.lean
markov-decision-processes/src/Arlib/MDP/Contraction.lean	ea045d77bdf8a0118d35ed5e1fc91fd0be781d0cd2662a65c9d3e40f642025cc	Arlib/MDP/Contraction.lean	migrated-community	ArlibCommunity/MDP/Contraction.lean
markov-decision-processes/src/Arlib/MDP/EndComponent.lean	85e191dc4e4222af0a166b92a49477a8abf9d89715a259f5867868f59b01be68	Arlib/MDP/EndComponent.lean	migrated-community	ArlibCommunity/MDP/EndComponent.lean
markov-decision-processes/src/Arlib/MDP/FixedPoint.lean	7710798b265743daa1a5f11b273ab83ea634986e5a93a8658d9ffbdf0f549e5e	Arlib/MDP/FixedPoint.lean	migrated-community	ArlibCommunity/MDP/FixedPoint.lean
markov-decision-processes/src/Arlib/MDP/HittingWeight.lean	068446f4a69ee1784f369e84ccf0cb9a49837c27f70bf2fb43edcecc8fd784c6	Arlib/MDP/HittingWeight.lean	migrated-community	ArlibCommunity/MDP/HittingWeight.lean
markov-decision-processes/src/Arlib/MDP/PolicyValue.lean	7a2939dcd3a17db6cf7f5cb31f1cd2838232df2e62b12cfadc03ed0496987031	Arlib/MDP/PolicyValue.lean	migrated-community	ArlibCommunity/MDP/PolicyValue.lean
markov-decision-processes/src/Arlib/MDP/Reachability.lean	360757afaef21f3591d29acdcd5bceb4d4b96723c39b675426218529a640bfea	Arlib/MDP/Reachability.lean	migrated-community	ArlibCommunity/MDP/Reachability.lean
markov-decision-processes/src/Arlib/MDP/Termination.lean	61dc79bce94f620e80d3dc937db022507a5f1f7f37484885ca814c9972321957	Arlib/MDP/Termination.lean	migrated-community	ArlibCommunity/MDP/Termination.lean
markov-decision-processes/src/Arlib/MDP/Trajectory.lean	67e835a98f22458e6dfa07b5bb4da6c0c27af9e6429524ebd3b157a2eb9a2234	Arlib/MDP/Trajectory.lean	migrated-community	ArlibCommunity/MDP/Trajectory.lean
markov-decision-processes/src/Arlib/MDP/WeightedNorm.lean	f439b3d5ad5d83af56221817f47eb96e3be5f2d06b8609ddd4f1a921fe5cee7c	Arlib/MDP/WeightedNorm.lean	migrated-community	ArlibCommunity/MDP/WeightedNorm.lean
randomized-lower-bounds/src/Arlib/GameTheory/YaoMinimax.lean	bc2f46d0f6ed291fea924142c48893d5d3686ef418370ea2ee6b61f6016c5a74	Arlib/GameTheory/YaoMinimax.lean	retained-core	Arlib/GameTheory/YaoMinimax.lean
randomized-probability/src/Arlib/Probability/AccuracyLowerRecursion.lean	0c2fe5ab21fcd02ba7b998ed5dd019b0979294b0098ac980df803790614d01f1	Arlib/Probability/AccuracyLowerRecursion.lean	snapshot-only	-
randomized-probability/src/Arlib/Probability/AccuracyRecursion.lean	b342f935c57a330e698e57d1c042dbd6f46448316cc3602460ff35cbeac5fa14	Arlib/Probability/AccuracyRecursion.lean	snapshot-only	-
randomized-probability/src/Arlib/Probability/AccuracySecondMoment.lean	9d3c67287075da45fe04e0ada04b761912e5f96a53e61e7f0375cb2999bb54c7	Arlib/Probability/AccuracySecondMoment.lean	snapshot-only	-
randomized-probability/src/Arlib/Probability/AdaptiveTVTelescope.lean	90b13dbe3a2c5602c49eb121fc7a1bd3b997c589d9d5598e2f8260d9e06868dc	Arlib/Probability/AdaptiveTVTelescope.lean	snapshot-only	-
randomized-probability/src/Arlib/Probability/AdaptiveTVTelescopeMixture.lean	110828581247346972cc2041bcba9ab1db7d2ea6e99b291d0d0c78505a1b416d	Arlib/Probability/AdaptiveTVTelescopeMixture.lean	snapshot-only	-
randomized-probability/src/Arlib/Probability/ContCoinProto.lean	7fc6117faa3296d855510efed82519823a278e782cde562cfb316189e9fe14fa	Arlib/Probability/ContCoinProto.lean	migrated-community	ArlibCommunity/Probability/ContCoinProto.lean
randomized-probability/src/Arlib/Probability/EmpiricalFrequency.lean	48b0b4930fe99a29b61775c8283eaca074c67b956f28fea84563824f82b85b42	Arlib/Probability/EmpiricalFrequency.lean	migrated-community	ArlibCommunity/Probability/EmpiricalFrequency.lean
randomized-probability/src/Arlib/Probability/FailureAmplification.lean	1d9ea405054a17fd7e434644b2c5b9d9ce72c5ebc26f5ead91ea78094d6f204b	Arlib/Probability/FailureAmplification.lean	migrated-community	ArlibCommunity/Probability/FailureAmplification.lean
randomized-probability/src/Arlib/Probability/FirstBad.lean	8b24cc780859e09f0c0d6025a405251f42e7041f26f268bbdad6587f3dff7684	Arlib/Probability/FirstBad.lean	migrated-community	ArlibCommunity/Probability/FirstBad.lean
randomized-probability/src/Arlib/Probability/Geometric.lean	0b3afd8ed18ef000507d082ac2011e9a03afe7394142e22f76d6f6885b4e14fd	Arlib/Probability/Geometric.lean	snapshot-only	-
randomized-probability/src/Arlib/Probability/IIDProduct.lean	9a83c853cfe7ff2e009adf159caf3f33a8d28f2c617d896ebe3859a4e74c1ef3	Arlib/Probability/IIDProduct.lean	retained-core	Arlib/Probability/IIDProduct.lean
randomized-probability/src/Arlib/Probability/InverseCDF.lean	e3551f6dcec46aaa0a4197b90d99dd855c0eb371edf09f94586f468468e4d0ae	Arlib/Probability/InverseCDF.lean	migrated-community	ArlibCommunity/Probability/InverseCDF.lean
randomized-probability/src/Arlib/Probability/KWiseChernoff.lean	6a05cb8d7d20ba060adc8b62b1bacd37cad021e7691431dcbea624dd39e63e4c	Arlib/Probability/KWiseChernoff.lean	retained-core	Arlib/Probability/KWiseChernoff.lean
randomized-probability/src/Arlib/Probability/Median.lean	2dc27ead15a173754d0c4d6259e030a1bfc7a7fc3f807825d0b06bdf204391da	Arlib/Probability/Median.lean	migrated-community	ArlibCommunity/Probability/Median.lean
randomized-probability/src/Arlib/Probability/MixedCoinSpace.lean	c5dd6135365afdbf805b3d26dda873b56a195c8751eda72d082a456ea07789e9	Arlib/Probability/MixedCoinSpace.lean	migrated-community	ArlibCommunity/Probability/MixedCoinSpace.lean
randomized-probability/src/Arlib/Probability/MixedCondCELinear.lean	5624c0cddf760776ce577514e9aee2a50ab1ef0155d32f955cb56bfef5039768	Arlib/Probability/MixedCondCELinear.lean	migrated-community	ArlibCommunity/Probability/MixedCondCELinear.lean
randomized-probability/src/Arlib/Probability/MixedCondProd.lean	dcfc943c0353a32ce73959ade0b6dfeca2b616735db8e293140bbfbec8922e19	Arlib/Probability/MixedCondProd.lean	migrated-community	ArlibCommunity/Probability/MixedCondProd.lean
randomized-probability/src/Arlib/Probability/MixedCoordIndep.lean	d5193ee768171bf874fa9bb16b4773a086388e79ae62a4dfd43a9d6b817e6efe	Arlib/Probability/MixedCoordIndep.lean	migrated-community	ArlibCommunity/Probability/MixedCoordIndep.lean
randomized-probability/src/Arlib/Probability/MixedRunProduct.lean	af28fa687b16c29c5557173faf6eeab31387bb6cc86f9689d53a14560e8150d2	Arlib/Probability/MixedRunProduct.lean	migrated-community	ArlibCommunity/Probability/MixedRunProduct.lean
randomized-probability/src/Arlib/Probability/PoissonSplitting.lean	28fdce5edfd3a4721877876f2b3c310da5714be06a0696aa4840049ed4944f6a	Arlib/Probability/PoissonSplitting.lean	migrated-community	ArlibCommunity/Probability/PoissonSplitting.lean
randomized-probability/src/Arlib/Probability/PoissonThinning.lean	7871049f762fd24ffc51b9495a0c131bea4c531d0729860fa1231d550092da2f	Arlib/Probability/PoissonThinning.lean	retained-core	Arlib/Probability/PoissonThinning.lean
randomized-probability/src/Arlib/Probability/PolyHash.lean	2e26c5d906931bd5fd8530d1821a9e89582580baffbcd54741c159a0e14ad0b1	Arlib/Probability/PolyHash.lean	migrated-community	ArlibCommunity/Probability/PolyHash.lean
randomized-probability/src/Arlib/Probability/Reduce.lean	2a04fbdbe6946caef14b1bed4884e4dd2db8ab41af5459e5c51970eaf0aa6741	Arlib/Probability/Reduce.lean	migrated-community	ArlibCommunity/Probability/Reduce.lean
randomized-probability/src/Arlib/Probability/ReduceModel.lean	f188b8b57c43fd6056f00f07be7497b4da351f0cc86e81b6649c9d0fa1ca28e5	Arlib/Probability/ReduceModel.lean	retained-core	Arlib/Probability/ReduceModel.lean
randomized-probability/src/Arlib/Probability/Rejection.lean	b759df22a475005aba4e8752a3f6ff27446999cc14986741944d5ed995bf7f79	Arlib/Probability/Rejection.lean	retained-core	Arlib/Probability/Rejection.lean
randomized-probability/src/Arlib/Probability/RejectionRounds.lean	0a58d0e52788a790b23d75f423fb851bbe9c9f2dfd9ca391d1d201c5dfd58f45	Arlib/Probability/RejectionRounds.lean	snapshot-only	-
randomized-probability/src/Arlib/Probability/RobbinsMonro.lean	900d65881175ea64f161dabb284ad407eb9101938b4be10ce4b14ee1baadc913	Arlib/Probability/RobbinsMonro.lean	migrated-community	ArlibCommunity/Probability/RobbinsMonro.lean
randomized-probability/src/Arlib/Probability/RunPlumbing.lean	3c419745854e01111e4c8d2349f0ba3ee905f3fd7f5c21355bcfdf73f94baa69	Arlib/Probability/RunPlumbing.lean	snapshot-only	-
randomized-probability/src/Arlib/Probability/RunProduct.lean	4747970b8b28146422068aefc8e4dc13cc3f26766046b4d9fd44856cf201f9eb	Arlib/Probability/RunProduct.lean	migrated-community	ArlibCommunity/Probability/RunProduct.lean
randomized-probability/src/Arlib/Probability/SequentialCond.lean	a646384755d72d4af1e0b6ecd434eb4fdc94b2853e0c869290dd03dcadee01a1	Arlib/Probability/SequentialCond.lean	retained-core	Arlib/Probability/SequentialCond.lean
randomized-probability/src/Arlib/Probability/SequentialDominate.lean	bc1553974b695f1353b0cf95f03290499897da43b6b88921d2404117cf76ff82	Arlib/Probability/SequentialDominate.lean	migrated-community	ArlibCommunity/Probability/SequentialDominate.lean
randomized-probability/src/Arlib/Probability/StochasticApproximation.lean	810f32bb575585b051377a3102960c785dbca3f568a9c0ca5f4ad6ef1239148f	Arlib/Probability/StochasticApproximation.lean	migrated-community	ArlibCommunity/Probability/StochasticApproximation.lean
randomized-probability/src/Arlib/Probability/TVTimeout.lean	f90c9e3379836fb434780b0a18e154c80e03b56f6f88e723187ae6043e051d76	Arlib/Probability/TVTimeout.lean	snapshot-only	-
randomized-probability/src/Arlib/Probability/UniformCoin.lean	6975f604968da55df7273faffb8627d5c3416df5a8a6de170adce360e57503eb	Arlib/Probability/UniformCoin.lean	migrated-community	ArlibCommunity/Probability/UniformCoin.lean
randomized-probability/src/Arlib/Probability/WarmMixture.lean	3a5e117b93e1aea8da77f73cdf976c71fabf184506f448f1fb1ecf7c0bc623ba	Arlib/Probability/WarmMixture.lean	snapshot-only	-
tootsie-pop/src/Arlib/Algorithms/TPA/Count.lean	0cb2ceb3d8697019f6809ff28b7065b434425a5d665576a3d6b5f7082f9239b7	Arlib/Algorithms/TPA/Count.lean	migrated-community	ArlibCommunity/Algorithms/TPA/Count.lean
tootsie-pop/src/Arlib/Algorithms/TPA/TwoPhase.lean	f921e0149da1d26ced2aaab3df887eeced060c3d61cbddc6755a229a3d57d7d5	Arlib/Algorithms/TPA/TwoPhase.lean	migrated-community	ArlibCommunity/Algorithms/TPA/TwoPhase.lean
tootsie-pop/src/Arlib/Algorithms/TPA/UniformProduct.lean	46c14671d470aad8716798896c1bdf0d2a8f89858e88148b666224ade87be5b2	Arlib/Algorithms/TPA/UniformProduct.lean	migrated-community	ArlibCommunity/Algorithms/TPA/UniformProduct.lean
